symbol,series,target_timestamp,minutes_to_target,current_price,realized,mean,std,pit,crps,brier,taker_price,taker_fee,taker_ev,maker_yes_ev,maker_no_ev,contracts
I:NDX,NASDAQ100,2024-11-01T20:00:00+00:00,0,20033.14177682076,20033.14177682076,20033.14177682076,25.233316790185366,0.5,5.8968993933533325,0.25,0.5,0.88,49.12,-50.0,50.0,100
I:NDX,NASDAQ100,2024-11-04T21:00:00+00:00,0,19963.60243440603,19963.60243440603,19963.60243440603,25.233316790185366,0.5,5.8968993933533325,0.25,0.5,0.88,49.12,-50.0,50.0,100
I:NDX,NASDAQ100,2024-11-05T21:00:00+00:00,0,20227.4564027995,20227.4564027995,20227.4564027995,25.233316790185366,0.5,5.8968993933533325,0.25,0.5,0.88,49.12,-50.0,50.0,100
I:NDX,NASDAQ100,2024-11-06T21:00:00+00:00,0,20781.3339968048,20781.3339968048,20781.3339968048,25.233316790185366,0.5,5.8968993933533325,0.25,0.5,0.88,49.12,-50.0,50.0,100
I:NDX,NASDAQ100,2024-11-07T21:00:00+00:00,0,21101.56637805141,21101.56637805141,21101.56637805141,25.233316790185366,0.5,5.8968993933533325,0.25,0.5,0.88,49.12,-50.0,50.0,100
I:NDX,NASDAQ100,2024-11-08T21:00:00+00:00,0,21117.1790900579,21117.1790900579,21117.1790900579,25.233316790185366,0.5,5.8968993933533325,0.25,0.5,0.88,49.12,-50.0,50.0,100
I:NDX,NASDAQ100,2024-11-12T21:00:00+00:00,0,21070.79263387019,21070.79263387019,21070.79263387019,25.233316790185366,0.5,5.8968993933533325,0.25,0.5,0.88,49.12,-50.0,50.0,100
I:NDX,NASDAQ100,2024-11-13T21:00:00+00:00,0,21036.16364503362,21036.16364503362,21036.16364503362,25.233316790185366,0.5,5.8968993933533325,0.25,0.5,0.88,49.12,-50.0,50.0,100
I:NDX,NASDAQ100,2024-11-14T21:00:00+00:00,0,20896.67319871474,20896.67319871474,20896.67319871474,25.233316790185366,0.5,5.8968993933533325,0.25,0.5,0.88,49.12,-50.0,50.0,100
I:NDX,NASDAQ100,2024-11-15T21:00:00+00:00,0,20394.13326948533,20394.13326948533,20394.13326948533,25.233316790185366,0.5,5.8968993933533325,0.25,0.5,0.88,49.12,-50.0,50.0,100
I:NDX,NASDAQ100,2024-11-18T21:00:00+00:00,0,20539.19157340101,20539.19157340101,20539.19157340101,25.233316790185366,0.5,5.8968993933533325,0.25,0.5,0.88,49.12,-50.0,50.0,100
I:NDX,NASDAQ100,2024-11-19T21:00:00+00:00,0,20684.5934675527,20684.5934675527,20684.5934675527,25.233316790185366,0.5,5.8968993933533325,0.25,0.5,0.88,49.12,-50.0,50.0,100
I:NDX,NASDAQ100,2024-11-20T21:00:00+00:00,0,20667.10423805289,20667.10423805289,20667.10423805289,25.233316790185366,0.5,5.8968993933533325,0.25,0.5,0.88,49.12,-50.0,50.0,100
I:NDX,NASDAQ100,2024-11-21T21:00:00+00:00,0,20740.78072807625,20740.78072807625,20740.78072807625,25.233316790185366,0.5,5.8968993933533325,0.25,0.5,0.88,49.12,-50.0,50.0,100
I:NDX,NASDAQ100,2024-11-22T21:00:00+00:00,0,20776.22955344169,20776.22955344169,20776.22955344169,25.233316790185366,0.5,5.8968993933533325,0.25,0.5,0.88,49.12,-50.0,50.0,100
I:NDX,NASDAQ100,2024-11-25T21:00:00+00:00,0,20804.89264895686,20804.89264895686,20804.89264895686,25.233316790185366,0.5,5.8968993933533325,0.25,0.5,0.88,49.12,-50.0,50.0,100
I:NDX,NASDAQ100,2024-11-26T21:00:00+00:00,0,20922.89801836044,20922.89801836044,20922.89801836044,25.233316790185366,0.5,5.8968993933533325,0.25,0.5,0.88,49.12,-50.0,50.0,100
I:NDX,NASDAQ100,2024-11-27T21:00:00+00:00,0,20744.48802776409,20744.48802776409,20744.48802776409,25.233316790185366,0.5,5.8968993933533325,0.25,0.5,0.88,49.12,-50.0,50.0,100
I:NDX,NASDAQ100,2024-12-02T21:00:00+00:00,0,21164.59571368985,21164.59571368985,21164.59571368985,25.233316790185366,0.5,5.8968993933533325,0.25,0.5,0.88,49.12,-50.0,50.0,100
I:NDX,NASDAQ100,2024-12-03T21:00:00+00:00,0,21229.31692919228,21229.31692919228,21229.31692919228,25.233316790185366,0.5,5.8968993933533325,0.25,0.5,0.88,49.12,-50.0,50.0,100
I:NDX,NASDAQ100,2024-12-04T21:00:00+00:00,0,21492.3620052235,21492.3620052235,21492.3620052235,25.233316790185366,0.5,5.8968993933533325,0.25,0.5,0.88,49.12,-50.0,50.0,100
I:NDX,NASDAQ100,2024-12-05T21:00:00+00:00,0,21425.22250315143,21425.22250315143,21425.22250315143,25.233316790185366,0.5,5.8968993933533325,0.25,0.5,0.88,49.12,-50.0,50.0,100
I:NDX,NASDAQ100,2024-12-06T21:00:00+00:00,0,21622.25423778537,21622.25423778537,21622.25423778537,25.233316790185366,0.5,5.8968993933533325,0.25,0.5,0.88,49.12,-50.0,50.0,100
I:NDX,NASDAQ100,2024-12-09T21:00:00+00:00,0,21440.81984321855,21440.81984321855,21440.81984321855,25.233316790185366,0.5,5.8968993933533325,0.25,0.5,0.88,49.12,-50.0,50.0,100
I:NDX,NASDAQ100,2024-12-10T21:00:00+00:00,0,21368.18054217044,21368.18054217044,21368.18054217044,25.233316790185366,0.5,5.8968993933533325,0.25,0.5,0.88,49.12,-50.0,50.0,100
I:NDX,NASDAQ100,2024-12-11T21:00:00+00:00,0,21763.98403982394,21763.98403982394,21763.98403982394,25.233316790185366,0.5,5.8968993933533325,0.25,0.5,0.88,49.12,-50.0,50.0,100
I:NDX,NASDAQ100,2024-12-12T21:00:00+00:00,0,21615.27316012934,21615.27316012934,21615.27316012934,25.233316790185366,0.5,5.8968993933533325,0.25,0.5,0.88,49.12,-50.0,50.0,100
I:NDX,NASDAQ100,2024-12-13T21:00:00+00:00,0,21780.25425747863,21780.25425747863,21780.25425747863,25.233316790185366,0.5,5.8968993933533325,0.25,0.5,0.88,49.12,-50.0,50.0,100
I:NDX,NASDAQ100,2024-12-16T21:00:00+00:00,0,22096.65692987936,22096.65692987936,22096.65692987936,25.233316790185366,0.5,5.8968993933533325,0.25,0.5,0.88,49.12,-50.0,50.0,100
I:NDX,NASDAQ100,2024-12-17T21:00:00+00:00,0,22001.0838794811,22001.0838794811,22001.0838794811,25.233316790185366,0.5,5.8968993933533325,0.25,0.5,0.88,49.12,-50.0,50.0,100
I:NDX,NASDAQ100,2024-12-18T21:00:00+00:00,0,21209.31478331877,21209.31478331877,21209.31478331877,25.233316790185366,0.5,5.8968993933533325,0.25,0.5,0.88,49.12,-50.0,50.0,100
I:NDX,NASDAQ100,2024-12-19T21:00:00+00:00,0,21110.50639714828,21110.50639714828,21110.50639714828,25.233316790185366,0.5,5.8968993933533325,0.25,0.5,0.88,49.12,-50.0,50.0,100
I:NDX,NASDAQ100,2024-12-20T21:00:00+00:00,0,21289.154369875,21289.154369875,21289.154369875,25.233316790185366,0.5,5.8968993933533325,0.25,0.5,0.88,49.12,-50.0,50.0,100
I:NDX,NASDAQ100,2024-12-23T21:00:00+00:00,0,21503.17067761147,21503.17067761147,21503.17067761147,25.233316790185366,0.5,5.8968993933533325,0.25,0.5,0.88,49.12,-50.0,50.0,100
I:NDX,NASDAQ100,2024-12-26T21:00:00+00:00,0,21768.31180255236,21768.31180255236,21768.31180255236,25.233316790185366,0.5,5.8968993933533325,0.25,0.5,0.88,49.12,-50.0,50.0,100
I:NDX,NASDAQ100,2024-12-27T21:00:00+00:00,0,21473.01468036854,21473.01468036854,21473.01468036854,25.233316790185366,0.5,5.8968993933533325,0.25,0.5,0.88,49.12,-50.0,50.0,100
I:NDX,NASDAQ100,2024-12-30T21:00:00+00:00,0,21197.08918249414,21197.08918249414,21197.08918249414,25.233316790185366,0.5,5.8968993933533325,0.25,0.5,0.88,49.12,-50.0,50.0,100
I:NDX,NASDAQ100,2024-12-31T21:00:00+00:00,0,21012.17370392947,21012.17370392947,21012.17370392947,25.233316790185366,0.5,5.8968993933533325,0.25,0.5,0.88,49.12,-50.0,50.0,100
I:NDX,NASDAQ100,2025-01-02T21:00:00+00:00,0,20975.62400926645,20975.62400926645,20975.62400926645,25.233316790185366,0.5,5.8968993933533325,0.25,0.5,0.88,49.12,-50.0,50.0,100
I:NDX,NASDAQ100,2025-01-03T21:00:00+00:00,0,21326.1572303898,21326.1572303898,21326.1572303898,25.233316790185366,0.5,5.8968993933533325,0.25,0.5,0.88,49.12,-50.0,50.0,100
I:NDX,NASDAQ100,2025-01-06T21:00:00+00:00,0,21559.50032830485,21559.50032830485,21559.50032830485,25.233316790185366,0.5,5.8968993933533325,0.25,0.5,0.88,49.12,-50.0,50.0,100
I:NDX,NASDAQ100,2025-01-07T21:00:00+00:00,0,21173.04309505602,21173.04309505602,21173.04309505602,25.233316790185366,0.5,5.8968993933533325,0.25,0.5,0.88,49.12,-50.0,50.0,100
I:NDX,NASDAQ100,2025-01-08T21:00:00+00:00,0,21180.96479911161,21180.96479911161,21180.96479911161,25.233316790185366,0.5,5.8968993933533325,0.25,0.5,0.88,49.12,-50.0,50.0,100
I:NDX,NASDAQ100,2025-01-10T21:00:00+00:00,0,20847.58168535725,20847.58168535725,20847.58168535725,25.233316790185366,0.5,5.8968993933533325,0.25,0.5,0.88,49.12,-50.0,50.0,100
I:NDX,NASDAQ100,2025-01-13T21:00:00+00:00,0,20784.7240639031,20784.7240639031,20784.7240639031,25.233316790185366,0.5,5.8968993933533325,0.25,0.5,0.88,49.12,-50.0,50.0,100
I:NDX,NASDAQ100,2025-01-14T21:00:00+00:00,0,20757.40982522788,20757.40982522788,20757.40982522788,25.233316790185366,0.5,5.8968993933533325,0.25,0.5,0.88,49.12,-50.0,50.0,100
I:NDX,NASDAQ100,2025-01-15T21:00:00+00:00,0,21237.85235635203,21237.85235635203,21237.85235635203,25.233316790185366,0.5,5.8968993933533325,0.25,0.5,0.88,49.12,-50.0,50.0,100
I:NDX,NASDAQ100,2025-01-16T21:00:00+00:00,0,21091.25177650414,21091.25177650414,21091.25177650414,25.233316790185366,0.5,5.8968993933533325,0.25,0.5,0.88,49.12,-50.0,50.0,100
I:NDX,NASDAQ100,2025-01-17T21:00:00+00:00,0,21441.15492288309,21441.15492288309,21441.15492288309,25.233316790185366,0.5,5.8968993933533325,0.25,0.5,0.88,49.12,-50.0,50.0,100
I:NDX,NASDAQ100,2025-01-21T21:00:00+00:00,0,21566.50668846156,21566.50668846156,21566.50668846156,25.233316790185366,0.5,5.8968993933533325,0.25,0.5,0.88,49.12,-50.0,50.0,100
I:NDX,NASDAQ100,2025-01-22T21:00:00+00:00,0,21852.99633065877,21852.99633065877,21852.99633065877,25.233316790185366,0.5,5.8968993933533325,0.25,0.5,0.88,49.12,-50.0,50.0,100
I:NDX,NASDAQ100,2025-01-23T21:00:00+00:00,0,21900.92971041112,21900.92971041112,21900.92971041112,25.233316790185366,0.5,5.8968993933533325,0.25,0.5,0.88,49.12,-50.0,50.0,100
I:NDX,NASDAQ100,2025-01-24T21:00:00+00:00,0,21774.01107995893,21774.01107995893,21774.01107995893,25.233316790185366,0.5,5.8968993933533325,0.25,0.5,0.88,49.12,-50.0,50.0,100
I:NDX,NASDAQ100,2025-01-27T21:00:00+00:00,0,21127.27882471263,21127.27882471263,21127.27882471263,25.233316790185366,0.5,5.8968993933533325,0.25,0.5,0.88,49.12,-50.0,50.0,100
I:NDX,NASDAQ100,2025-01-28T21:00:00+00:00,0,21463.0372586127,21463.0372586127,21463.0372586127,25.233316790185366,0.5,5.8968993933533325,0.25,0.5,0.88,49.12,-50.0,50.0,100
I:NDX,NASDAQ100,2025-01-29T21:00:00+00:00,0,21411.45795102361,21411.45795102361,21411.45795102361,25.233316790185366,0.5,5.8968993933533325,0.25,0.5,0.88,49.12,-50.0,50.0,100
I:NDX,NASDAQ100,2025-01-30T21:00:00+00:00,0,21508.12333459918,21508.12333459918,21508.12333459918,25.233316790185366,0.5,5.8968993933533325,0.25,0.5,0.88,49.12,-50.0,50.0,100
I:NDX,NASDAQ100,2025-01-31T21:00:00+00:00,0,21478.04780707399,21478.04780707399,21478.04780707399,25.233316790185366,0.5,5.8968993933533325,0.25,0.5,0.88,49.12,-50.0,50.0,100
I:NDX,NASDAQ100,2025-02-03T21:00:00+00:00,0,21297.58216008967,21297.58216008967,21297.58216008967,25.233316790185366,0.5,5.8968993933533325,0.25,0.5,0.88,49.12,-50.0,50.0,100
I:NDX,NASDAQ100,2025-02-04T21:00:00+00:00,0,21566.91769821134,21566.91769821134,21566.91769821134,25.233316790185366,0.5,5.8968993933533325,0.25,0.5,0.88,49.12,-50.0,50.0,100
I:NDX,NASDAQ100,2025-02-05T21:00:00+00:00,0,21658.16376327201,21658.16376327201,21658.16376327201,25.233316790185366,0.5,5.8968993933533325,0.25,0.5,0.88,49.12,-50.0,50.0,100
I:NDX,NASDAQ100,2025-02-06T21:00:00+00:00,0,21774.06521333783,21774.06521333783,21774.06521333783,25.233316790185366,0.5,5.8968993933533325,0.25,0.5,0.88,49.12,-50.0,50.0,100
I:NDX,NASDAQ100,2025-02-07T21:00:00+00:00,0,21491.30853705978,21491.30853705978,21491.30853705978,25.233316790185366,0.5,5.8968993933533325,0.25,0.5,0.88,49.12,-50.0,50.0,100
I:NDX,NASDAQ100,2025-02-10T21:00:00+00:00,0,21756.73418481067,21756.73418481067,21756.73418481067,25.233316790185366,0.5,5.8968993933533325,0.25,0.5,0.88,49.12,-50.0,50.0,100
I:NDX,NASDAQ100,2025-02-11T21:00:00+00:00,0,21693.52130195803,21693.52130195803,21693.52130195803,25.233316790185366,0.5,5.8968993933533325,0.25,0.5,0.88,49.12,-50.0,50.0,100
I:NDX,NASDAQ100,2025-02-12T21:00:00+00:00,0,21719.2614320124,21719.2614320124,21719.2614320124,25.233316790185366,0.5,5.8968993933533325,0.25,0.5,0.88,49.12,-50.0,50.0,100
I:NDX,NASDAQ100,2025-02-13T21:00:00+00:00,0,22030.71436274301,22030.71436274301,22030.71436274301,25.233316790185366,0.5,5.8968993933533325,0.25,0.5,0.88,49.12,-50.0,50.0,100
I:NDX,NASDAQ100,2025-02-14T21:00:00+00:00,0,22114.68856070488,22114.68856070488,22114.68856070488,25.233316790185366,0.5,5.8968993933533325,0.25,0.5,0.88,49.12,-50.0,50.0,100
I:NDX,NASDAQ100,2025-02-18T21:00:00+00:00,0,22164.60569471938,22164.60569471938,22164.60569471938,25.233316790185366,0.5,5.8968993933533325,0.25,0.5,0.88,49.12,-50.0,50.0,100
I:NDX,NASDAQ100,2025-02-19T21:00:00+00:00,0,22175.59793792535,22175.59793792535,22175.59793792535,25.233316790185366,0.5,5.8968993933533325,0.25,0.5,0.88,49.12,-50.0,50.0,100
I:NDX,NASDAQ100,2025-02-20T21:00:00+00:00,0,22068.05712547346,22068.05712547346,22068.05712547346,25.233316790185366,0.5,5.8968993933533325,0.25,0.5,0.88,49.12,-50.0,50.0,100
I:NDX,NASDAQ100,2025-02-21T21:00:00+00:00,0,21614.07949713168,21614.07949713168,21614.07949713168,25.233316790185366,0.5,5.8968993933533325,0.25,0.5,0.88,49.12,-50.0,50.0,100
I:NDX,NASDAQ100,2025-02-24T21:00:00+00:00,0,21352.07964335409,21352.07964335409,21352.07964335409,25.233316790185366,0.5,5.8968993933533325,0.25,0.5,0.88,49.12,-50.0,50.0,100
I:NDX,NASDAQ100,2025-02-25T21:00:00+00:00,0,21087.24528948997,21087.24528948997,21087.24528948997,25.233316790185366,0.5,5.8968993933533325,0.25,0.5,0.88,49.12,-50.0,50.0,100
I:NDX,NASDAQ100,2025-02-26T21:00:00+00:00,0,21132.9190611468,21132.9190611468,21132.9190611468,25.233316790185366,0.5,5.8968993933533325,0.25,0.5,0.88,49.12,-50.0,50.0,100
I:NDX,NASDAQ100,2025-02-27T21:00:00+00:00,0,20550.95323859004,20550.95323859004,20550.95323859004,25.233316790185366,0.5,5.8968993933533325,0.25,0.5,0.88,49.12,-50.0,50.0,100
I:NDX,NASDAQ100,2025-02-28T21:00:00+00:00,0,20884.40809494124,20884.40809494124,20884.40809494124,25.233316790185366,0.5,5.8968993933533325,0.25,0.5,0.88,49.12,-50.0,50.0,100
I:NDX,NASDAQ100,2025-03-03T21:00:00+00:00,0,20425.58402721583,20425.58402721583,20425.58402721583,25.233316790185366,0.5,5.8968993933533325,0.25,0.5,0.88,49.12,-50.0,50.0,100
I:NDX,NASDAQ100,2025-03-04T21:00:00+00:00,0,20352.52801406207,20352.52801406207,20352.52801406207,25.233316790185366,0.5,5.8968993933533325,0.25,0.5,0.88,49.12,-50.0,50.0,100
I:NDX,NASDAQ100,2025-03-05T21:00:00+00:00,0,20628.46449939543,20628.46449939543,20628.46449939543,25.233316790185366,0.5,5.8968993933533325,0.25,0.5,0.88,49.12,-50.0,50.0,100
I:NDX,NASDAQ100,2025-03-06T21:00:00+00:00,0,20052.63485603972,20052.63485603972,20052.63485603972,25.233316790185366,0.5,5.8968993933533325,0.25,0.5,0.88,49.12,-50.0,50.0,100
I:NDX,NASDAQ100,2025-03-07T21:00:00+00:00,0,20201.3725088254,20201.3725088254,20201.3725088254,25.233316790185366,0.5,5.8968993933533325,0.25,0.5,0.88,49.12,-50.0,50.0,100
I:NDX,NASDAQ100,2025-03-10T20:00:00+00:00,0,19430.95271333892,19430.95271333892,19430.95271333892,25.233316790185366,0.5,5.8968993933533325,0.25,0.5,0.88,49.12,-50.0,50.0,100
I:NDX,NASDAQ100,2025-03-11T20:00:00+00:00,0,19376.95981186998,19376.95981186998,19376.95981186998,25.233316790185366,0.5,5.8968993933533325,0.25,0.5,0.88,49.12,-50.0,50.0,100
I:NDX,NASDAQ100,2025-03-12T20:00:00+00:00,0,19596.0201807626,19596.0201807626,19596.0201807626,25.233316790185366,0.5,5.8968993933533325,0.25,0.5,0.88,49.12,-50.0,50.0,100
I:NDX,NASDAQ100,2025-03-13T20:00:00+00:00,0,19225.48268310119,19225.48268310119,19225.48268310119,25.233316790185366,0.5,5.8968993933533325,0.25,0.5,0.88,49.12,-50.0,50.0,100
I:NDX,NASDAQ100,2025-03-14T20:00:00+00:00,0,19704.63559752488,19704.63559752488,19704.63559752488,25.233316790185366,0.5,5.8968993933533325,0.25,0.5,0.88,49.12,-50.0,50.0,100
I:NDX,NASDAQ100,2025-03-17T20:00:00+00:00,0,19812.23548995235,19812.23548995235,19812.23548995235,25.233316790185366,0.5,5.8968993933533325,0.25,0.5,0.88,49.12,-50.0,50.0,100
I:NDX,NASDAQ100,2025-03-18T20:00:00+00:00,0,19483.35962129859,19483.35962129859,19483.35962129859,25.233316790185366,0.5,5.8968993933533325,0.25,0.5,0.88,49.12,-50.0,50.0,100
I:NDX,NASDAQ100,2025-03-19T20:00:00+00:00,0,19736.6616233261,19736.6616233261,19736.6616233261,25.233316790185366,0.5,5.8968993933533325,0.25,0.5,0.88,49.12,-50.0,50.0,100
I:NDX,NASDAQ100,2025-03-20T20:00:00+00:00,0,19677.60865946635,19677.60865946635,19677.60865946635,25.233316790185366,0.5,5.8968993933533325,0.25,0.5,0.88,49.12,-50.0,50.0,100
I:NDX,NASDAQ100,2025-03-21T20:00:00+00:00,0,19753.96560467944,19753.96560467944,19753.96560467944,25.233316790185366,0.5,5.8968993933533325,0.25,0.5,0.88,49.12,-50.0,50.0,100
I:NDX,NASDAQ100,2025-03-24T20:00:00+00:00,0,20180.44473528553,20180.44473528553,20180.44473528553,25.233316790185366,0.5,5.8968993933533325,0.25,0.5,0.88,49.12,-50.0,50.0,100
I:NDX,NASDAQ100,2025-03-25T20:00:00+00:00,0,20287.82625720161,20287.82625720161,20287.82625720161,25.233316790185366,0.5,5.8968993933533325,0.25,0.5,0.88,49.12,-50.0,50.0,100
I:NDX,NASDAQ100,2025-03-26T20:00:00+00:00,0,19916.99152607617,19916.99152607617,19916.99152607617,25.233316790185366,0.5,5.8968993933533325,0.25,0.5,0.88,49.12,-50.0,50.0,100
I:NDX,NASDAQ100,2025-03-27T20:00:00+00:00,0,19798.62194108388,19798.62194108388,19798.62194108388,25.233316790185366,0.5,5.8968993933533325,0.25,0.5,0.88,49.12,-50.0,50.0,100
I:NDX,NASDAQ100,2025-03-28T20:00:00+00:00,0,19281.39961596051,19281.39961596051,19281.39961596051,25.233316790185366,0.5,5.8968993933533325,0.25,0.5,0.88,49.12,-50.0,50.0,100
I:NDX,NASDAQ100,2025-03-31T20:00:00+00:00,0,19278.44689257005,19278.44689257005,19278.44689257005,25.233316790185366,0.5,5.8968993933533325,0.25,0.5,0.88,49.12,-50.0,50.0,100
I:NDX,NASDAQ100,2025-04-01T20:00:00+00:00,0,19436.42249147307,19436.42249147307,19436.42249147307,25.233316790185366,0.5,5.8968993933533325,0.25,0.5,0.88,49.12,-50.0,50.0,100
I:NDX,NASDAQ100,2025-04-02T20:00:00+00:00,0,19581.77663031767,19581.77663031767,19581.77663031767,25.233316790185366,0.5,5.8968993933533325,0.25,0.5,0.88,49.12,-50.0,50.0,100
I:NDX,NASDAQ100,2025-04-03T20:00:00+00:00,0,18521.47526997387,18521.47526997387,18521.47526997387,25.233316790185366,0.5,5.8968993933533325,0.25,0.5,0.88,49.12,-50.0,50.0,100
I:NDX,NASDAQ100,2025-04-04T20:00:00+00:00,0,17397.69503634454,17397.69503634454,17397.69503634454,25.233316790185366,0.5,5.8968993933533325,0.25,0.5,0.88,49.12,-50.0,50.0,100
I:NDX,NASDAQ100,2025-04-07T20:00:00+00:00,0,17430.68228979521,17430.68228979521,17430.68228979521,25.233316790185366,0.5,5.8968993933533325,0.25,0.5,0.88,49.12,-50.0,50.0,100
I:NDX,NASDAQ100,2025-04-08T20:00:00+00:00,0,17090.40147357418,17090.40147357418,17090.40147357418,25.233316790185366,0.5,5.8968993933533325,0.25,0.5,0.88,49.12,-50.0,50.0,100
I:NDX,NASDAQ100,2025-04-09T20:00:00+00:00,0,19145.06228905321,19145.06228905321,19145.06228905321,25.233316790185366,0.5,5.8968993933533325,0.25,0.5,0.88,49.12,-50.0,50.0,100
I:NDX,NASDAQ100,2025-04-10T20:00:00+00:00,0,18343.57249835075,18343.57249835075,18343.57249835075,25.233316790185366,0.5,5.8968993933533325,0.25,0.5,0.88,49.12,-50.0,50.0,100
I:NDX,NASDAQ100,2025-04-11T20:00:00+00:00,0,18690.05443330001,18690.05443330001,18690.05443330001,25.233316790185366,0.5,5.8968993933533325,0.25,0.5,0.88,49.12,-50.0,50.0,100
I:NDX,NASDAQ100,2025-04-14T20:00:00+00:00,0,18796.02073961901,18796.02073961901,18796.02073961901,25.233316790185366,0.5,5.8968993933533325,0.25,0.5,0.88,49.12,-50.0,50.0,100
I:NDX,NASDAQ100,2025-04-15T20:00:00+00:00,0,18830.22711523077,18830.22711523077,18830.22711523077,25.233316790185366,0.5,5.8968993933533325,0.25,0.5,0.88,49.12,-50.0,50.0,100
I:NDX,NASDAQ100,2025-04-16T20:00:00+00:00,0,18257.64311770319,18257.64311770319,18257.64311770319,25.233316790185366,0.5,5.8968993933533325,0.25,0.5,0.88,49.12,-50.0,50.0,100
I:NDX,NASDAQ100,2025-04-17T20:00:00+00:00,0,18258.09207473722,18258.09207473722,18258.09207473722,25.233316790185366,0.5,5.8968993933533325,0.25,0.5,0.88,49.12,-50.0,50.0,100
I:NDX,NASDAQ100,2025-04-21T20:00:00+00:00,0,17808.30069580447,17808.30069580447,17808.30069580447,25.233316790185366,0.5,5.8968993933533325,0.25,0.5,0.88,49.12,-50.0,50.0,100
I:NDX,NASDAQ100,2025-04-22T20:00:00+00:00,0,18276.40645507091,18276.40645507091,18276.40645507091,25.233316790185366,0.5,5.8968993933533325,0.25,0.5,0.88,49.12,-50.0,50.0,100
I:NDX,NASDAQ100,2025-04-23T20:00:00+00:00,0,18693.25793620252,18693.25793620252,18693.25793620252,25.233316790185366,0.5,5.8968993933533325,0.25,0.5,0.88,49.12,-50.0,50.0,100
I:NDX,NASDAQ100,2025-04-24T20:00:00+00:00,0,19214.40010157992,19214.40010157992,19214.40010157992,25.233316790185366,0.5,5.8968993933533325,0.25,0.5,0.88,49.12,-50.0,50.0,100
I:NDX,NASDAQ100,2025-04-25T20:00:00+00:00,0,19432.55910046932,19432.55910046932,19432.55910046932,25.233316790185366,0.5,5.8968993933533325,0.25,0.5,0.88,49.12,-50.0,50.0,100
I:NDX,NASDAQ100,2025-04-28T20:00:00+00:00,0,19427.28917777265,19427.28917777265,19427.28917777265,25.233316790185366,0.5,5.8968993933533325,0.25,0.5,0.88,49.12,-50.0,50.0,100
I:NDX,NASDAQ100,2025-04-29T20:00:00+00:00,0,19544.94549460331,19544.94549460331,19544.94549460331,25.233316790185366,0.5,5.8968993933533325,0.25,0.5,0.88,49.12,-50.0,50.0,100
I:NDX,NASDAQ100,2025-04-30T20:00:00+00:00,0,19571.01825140987,19571.01825140987,19571.01825140987,25.233316790185366,0.5,5.8968993933533325,0.25,0.5,0.88,49.12,-50.0,50.0,100
I:NDX,NASDAQ100,2025-05-01T20:00:00+00:00,0,19786.70911101053,19786.70911101053,19786.70911101053,25.233316790185366,0.5,5.8968993933533325,0.25,0.5,0.88,49.12,-50.0,50.0,100
I:NDX,NASDAQ100,2025-05-02T20:00:00+00:00,0,20102.61414207469,20102.61414207469,20102.61414207469,25.233316790185366,0.5,5.8968993933533325,0.25,0.5,0.88,49.12,-50.0,50.0,100
I:NDX,NASDAQ100,2025-05-05T20:00:00+00:00,0,19967.94220134281,19967.94220134281,19967.94220134281,25.233316790185366,0.5,5.8968993933533325,0.25,0.5,0.88,49.12,-50.0,50.0,100
I:NDX,NASDAQ100,2025-05-06T20:00:00+00:00,0,19791.34498391504,19791.34498391504,19791.34498391504,25.233316790185366,0.5,5.8968993933533325,0.25,0.5,0.88,49.12,-50.0,50.0,100
I:NDX,NASDAQ100,2025-05-07T20:00:00+00:00,0,19867.97253565036,19867.97253565036,19867.97253565036,25.233316790185366,0.5,5.8968993933533325,0.25,0.5,0.88,49.12,-50.0,50.0,100
I:NDX,NASDAQ100,2025-05-08T20:00:00+00:00,0,20063.56542583179,20063.56542583179,20063.56542583179,25.233316790185366,0.5,5.8968993933533325,0.25,0.5,0.88,49.12,-50.0,50.0,100
I:NDX,NASDAQ100,2025-05-09T20:00:00+00:00,0,20061.4490321083,20061.4490321083,20061.4490321083,25.233316790185366,0.5,5.8968993933533325,0.25,0.5,0.88,49.12,-50.0,50.0,100
I:NDX,NASDAQ100,2025-05-12T20:00:00+00:00,0,20868.14878224382,20868.14878224382,20868.14878224382,25.233316790185366,0.5,5.8968993933533325,0.25,0.5,0.88,49.12,-50.0,50.0,100
I:NDX,NASDAQ100,2025-05-13T20:00:00+00:00,0,21197.69868229492,21197.69868229492,21197.69868229492,25.233316790185366,0.5,5.8968993933533325,0.25,0.5,0.88,49.12,-50.0,50.0,100
I:NDX,NASDAQ100,2025-05-14T20:00:00+00:00,0,21319.2061415206,21319.2061415206,21319.2061415206,25.233316790185366,0.5,5.8968993933533325,0.25,0.5,0.88,49.12,-50.0,50.0,100
I:NDX,NASDAQ100,2025-05-15T20:00:00+00:00,0,21335.82235873261,21335.82235873261,21335.82235873261,25.233316790185366,0.5,5.8968993933533325,0.25,0.5,0.88,49.12,-50.0,50.0,100
I:NDX,NASDAQ100,2025-05-16T20:00:00+00:00,0,21427.9357551703,21427.9357551703,21427.9357551703,25.233316790185366,0.5,5.8968993933533325,0.25,0.5,0.88,49.12,-50.0,50.0,100
I:NDX,NASDAQ100,2025-05-19T20:00:00+00:00,0,21447.05328504836,21447.05328504836,21447.05328504836,25.233316790185366,0.5,5.8968993933533325,0.25,0.5,0.88,49.12,-50.0,50.0,100
I:NDX,NASDAQ100,2025-05-20T20:00:00+00:00,0,21367.3738382504,21367.3738382504,21367.3738382504,25.233316790185366,0.5,5.8968993933533325,0.25,0.5,0.88,49.12,-50.0,50.0,100
I:NDX,NASDAQ100,2025-05-21T20:00:00+00:00,0,21080.35891938942,21080.35891938942,21080.35891938942,25.233316790185366,0.5,5.8968993933533325,0.25,0.5,0.88,49.12,-50.0,50.0,100
I:NDX,NASDAQ100,2025-05-22T20:00:00+00:00,0,21112.47122029042,21112.47122029042,21112.47122029042,25.233316790185366,0.5,5.8968993933533325,0.25,0.5,0.88,49.12,-50.0,50.0,100
I:NDX,NASDAQ100,2025-05-23T20:00:00+00:00,0,20915.65485990568,20915.65485990568,20915.65485990568,25.233316790185366,0.5,5.8968993933533325,0.25,0.5,0.88,49.12,-50.0,50.0,100
I:NDX,NASDAQ100,2025-05-27T20:00:00+00:00,0,21414.99067602036,21414.99067602036,21414.99067602036,25.233316790185366,0.5,5.8968993933533325,0.25,0.5,0.88,49.12,-50.0,50.0,100
I:NDX,NASDAQ100,2025-05-28T20:00:00+00:00,0,21318.16848407112,21318.16848407112,21318.16848407112,25.233316790185366,0.5,5.8968993933533325,0.25,0.5,0.88,49.12,-50.0,50.0,100
I:NDX,NASDAQ100,2025-05-29T20:00:00+00:00,0,21363.95022749991,21363.95022749991,21363.95022749991,25.233316790185366,0.5,5.8968993933533325,0.25,0.5,0.88,49.12,-50.0,50.0,100
I:NDX,NASDAQ100,2025-05-30T20:00:00+00:00,0,21340.99252344386,21340.99252344386,21340.99252344386,25.233316790185366,0.5,5.8968993933533325,0.25,0.5,0.88,49.12,-50.0,50.0,100
I:NDX,NASDAQ100,2025-06-02T20:00:00+00:00,0,21491.74803120635,21491.74803120635,21491.74803120635,25.233316790185366,0.5,5.8968993933533325,0.25,0.5,0.88,49.12,-50.0,50.0,100
I:NDX,NASDAQ100,2025-06-03T20:00:00+00:00,0,21662.58209059074,21662.58209059074,21662.58209059074,25.233316790185366,0.5,5.8968993933533325,0.25,0.5,0.88,49.12,-50.0,50.0,100
I:NDX,NASDAQ100,2025-06-04T20:00:00+00:00,0,21721.9188926658,21721.9188926658,21721.9188926658,25.233316790185366,0.5,5.8968993933533325,0.25,0.5,0.88,49.12,-50.0,50.0,100
I:NDX,NASDAQ100,2025-06-05T20:00:00+00:00,0,21547.43141734563,21547.43141734563,21547.43141734563,25.233316790185366,0.5,5.8968993933533325,0.25,0.5,0.88,49.12,-50.0,50.0,100
I:NDX,NASDAQ100,2025-06-06T20:00:00+00:00,0,21761.7890841694,21761.7890841694,21761.7890841694,25.233316790185366,0.5,5.8968993933533325,0.25,0.5,0.88,49.12,-50.0,50.0,100
I:NDX,NASDAQ100,2025-06-09T20:00:00+00:00,0,21797.86632584953,21797.86632584953,21797.86632584953,25.233316790185366,0.5,5.8968993933533325,0.25,0.5,0.88,49.12,-50.0,50.0,100
I:NDX,NASDAQ100,2025-06-10T20:00:00+00:00,0,21941.91916616025,21941.91916616025,21941.91916616025,25.233316790185366,0.5,5.8968993933533325,0.25,0.5,0.88,49.12,-50.0,50.0,100
I:NDX,NASDAQ100,2025-06-11T20:00:00+00:00,0,21860.80135947098,21860.80135947098,21860.80135947098,25.233316790185366,0.5,5.8968993933533325,0.25,0.5,0.88,49.12,-50.0,50.0,100
I:NDX,NASDAQ100,2025-06-12T20:00:00+00:00,0,21913.32031057716,21913.32031057716,21913.32031057716,25.233316790185366,0.5,5.8968993933533325,0.25,0.5,0.88,49.12,-50.0,50.0,100
I:NDX,NASDAQ100,2025-06-13T20:00:00+00:00,0,21631.03835019215,21631.03835019215,21631.03835019215,25.233316790185366,0.5,5.8968993933533325,0.25,0.5,0.88,49.12,-50.0,50.0,100
I:NDX,NASDAQ100,2025-06-16T20:00:00+00:00,0,21937.56780124418,21937.56780124418,21937.56780124418,25.233316790185366,0.5,5.8968993933533325,0.25,0.5,0.88,49.12,-50.0,50.0,100
I:NDX,NASDAQ100,2025-06-17T20:00:00+00:00,0,21719.07761387069,21719.07761387069,21719.07761387069,25.233316790185366,0.5,5.8968993933533325,0.25,0.5,0.88,49.12,-50.0,50.0,100
I:NDX,NASDAQ100,2025-06-18T20:00:00+00:00,0,21719.68881588581,21719.68881588581,21719.68881588581,25.233316790185366,0.5,5.8968993933533325,0.25,0.5,0.88,49.12,-50.0,50.0,100
I:NDX,NASDAQ100,2025-06-20T20:00:00+00:00,0,21626.38763377808,21626.38763377808,21626.38763377808,25.233316790185366,0.5,5.8968993933533325,0.25,0.5,0.88,49.12,-50.0,50.0,100
I:NDX,NASDAQ100,2025-06-23T20:00:00+00:00,0,21856.32961064633,21856.32961064633,21856.32961064633,25.233316790185366,0.5,5.8968993933533325,0.25,0.5,0.88,49.12,-50.0,50.0,100
I:NDX,NASDAQ100,2025-06-24T20:00:00+00:00,0,22190.52187201087,22190.52187201087,22190.52187201087,25.233316790185366,0.5,5.8968993933533325,0.25,0.5,0.88,49.12,-50.0,50.0,100
I:NDX,NASDAQ100,2025-06-25T20:00:00+00:00,0,22237.7425445834,22237.7425445834,22237.7425445834,25.233316790185366,0.5,5.8968993933533325,0.25,0.5,0.88,49.12,-50.0,50.0,100
I:NDX,NASDAQ100,2025-06-26T20:00:00+00:00,0,22447.29161712959,22447.29161712959,22447.29161712959,25.233316790185366,0.5,5.8968993933533325,0.25,0.5,0.88,49.12,-50.0,50.0,100
I:NDX,NASDAQ100,2025-06-27T20:00:00+00:00,0,22534.2025597057,22534.2025597057,22534.2025597057,25.233316790185366,0.5,5.8968993933533325,0.25,0.5,0.88,49.12,-50.0,50.0,100
I:NDX,NASDAQ100,2025-06-30T20:00:00+00:00,0,22679.00901042036,22679.00901042036,22679.00901042036,25.233316790185366,0.5,5.8968993933533325,0.25,0.5,0.88,49.12,-50.0,50.0,100
I:NDX,NASDAQ100,2025-07-01T20:00:00+00:00,0,22478.1353077022,22478.1353077022,22478.1353077022,25.233316790185366,0.5,5.8968993933533325,0.25,0.5,0.88,49.12,-50.0,50.0,100
I:NDX,NASDAQ100,2025-07-02T20:00:00+00:00,0,22641.88616556639,22641.88616556639,22641.88616556639,25.233316790185366,0.5,5.8968993933533325,0.25,0.5,0.88,49.12,-50.0,50.0,100
I:NDX,NASDAQ100,2025-07-07T20:00:00+00:00,0,22685.56796850315,22685.56796850315,22685.56796850315,25.233316790185366,0.5,5.8968993933533325,0.25,0.5,0.88,49.12,-50.0,50.0,100
I:NDX,NASDAQ100,2025-07-08T20:00:00+00:00,0,22702.25032527367,22702.25032527367,22702.25032527367,25.233316790185366,0.5,5.8968993933533325,0.25,0.5,0.88,49.12,-50.0,50.0,100
I:NDX,NASDAQ100,2025-07-09T20:00:00+00:00,0,22864.90662116604,22864.90662116604,22864.90662116604,25.233316790185366,0.5,5.8968993933533325,0.25,0.5,0.88,49.12,-50.0,50.0,100
I:NDX,NASDAQ100,2025-07-10T20:00:00+00:00,0,22829.26211959378,22829.26211959378,22829.26211959378,25.233316790185366,0.5,5.8968993933533325,0.25,0.5,0.88,49.12,-50.0,50.0,100
I:NDX,NASDAQ100,2025-07-11T20:00:00+00:00,0,22780.59731227805,22780.59731227805,22780.59731227805,25.233316790185366,0.5,5.8968993933533325,0.25,0.5,0.88,49.12,-50.0,50.0,100
I:NDX,NASDAQ100,2025-07-14T20:00:00+00:00,0,22855.63191811181,22855.63191811181,22855.63191811181,25.233316790185366,0.5,5.8968993933533325,0.25,0.5,0.88,49.12,-50.0,50.0,100
I:NDX,NASDAQ100,2025-07-15T20:00:00+00:00,0,22884.5884224677,22884.5884224677,22884.5884224677,25.233316790185366,0.5,5.8968993933533325,0.25,0.5,0.88,49.12,-50.0,50.0,100
I:NDX,NASDAQ100,2025-07-16T20:00:00+00:00,0,22907.96673874795,22907.96673874795,22907.96673874795,25.233316790185366,0.5,5.8968993933533325,0.25,0.5,0.88,49.12,-50.0,50.0,100
I:NDX,NASDAQ100,2025-07-17T20:00:00+00:00,0,23078.03590649087,23078.03590649087,23078.03590649087,25.233316790185366,0.5,5.8968993933533325,0.25,0.5,0.88,49.12,-50.0,50.0,100
I:NDX,NASDAQ100,2025-07-18T20:00:00+00:00,0,23065.47388085507,23065.47388085507,23065.47388085507,25.233316790185366,0.5,5.8968993933533325,0.25,0.5,0.88,49.12,-50.0,50.0,100
I:NDX,NASDAQ100,2025-07-21T20:00:00+00:00,0,23180.06180360478,23180.06180360478,23180.06180360478,25.233316790185366,0.5,5.8968993933533325,0.25,0.5,0.88,49.12,-50.0,50.0,100
I:NDX,NASDAQ100,2025-07-22T20:00:00+00:00,0,23063.57832068096,23063.57832068096,23063.57832068096,25.233316790185366,0.5,5.8968993933533325,0.25,0.5,0.88,49.12,-50.0,50.0,100
I:NDX,NASDAQ100,2025-07-23T20:00:00+00:00,0,23162.40599436532,23162.40599436532,23162.40599436532,25.233316790185366,0.5,5.8968993933533325,0.25,0.5,0.88,49.12,-50.0,50.0,100
I:NDX,NASDAQ100,2025-07-24T20:00:00+00:00,0,23219.86485969971,23219.86485969971,23219.86485969971,25.233316790185366,0.5,5.8968993933533325,0.25,0.5,0.88,49.12,-50.0,50.0,100
I:NDX,NASDAQ100,2025-07-25T20:00:00+00:00,0,23272.24577986724,23272.24577986724,23272.24577986724,25.233316790185366,0.5,5.8968993933533325,0.25,0.5,0.88,49.12,-50.0,50.0,100
I:NDX,NASDAQ100,2025-07-28T20:00:00+00:00,0,23356.26996304895,23356.26996304895,23356.26996304895,25.233316790185366,0.5,5.8968993933533325,0.25,0.5,0.88,49.12,-50.0,50.0,100
I:NDX,NASDAQ100,2025-07-29T20:00:00+00:00,0,23308.30295841878,23308.30295841878,23308.30295841878,25.233316790185366,0.5,5.8968993933533325,0.25,0.5,0.88,49.12,-50.0,50.0,100
I:NDX,NASDAQ100,2025-07-30T20:00:00+00:00,0,23345.41431110552,23345.41431110552,23345.41431110552,25.233316790185366,0.5,5.8968993933533325,0.25,0.5,0.88,49.12,-50.0,50.0,100
I:NDX,NASDAQ100,2025-07-31T20:00:00+00:00,0,23218.12378391251,23218.12378391251,23218.12378391251,25.233316790185366,0.5,5.8968993933533325,0.25,0.5,0.88,49.12,-50.0,50.0,100
I:NDX,NASDAQ100,2025-08-01T20:00:00+00:00,0,22763.31329408595,22763.31329408595,22763.31329408595,25.233316790185366,0.5,5.8968993933533325,0.25,0.5,0.88,49.12,-50.0,50.0,100
I:NDX,NASDAQ100,2025-08-04T20:00:00+00:00,0,23188.6082194109,23188.6082194109,23188.6082194109,25.233316790185366,0.5,5.8968993933533325,0.25,0.5,0.88,49.12,-50.0,50.0,100
I:NDX,NASDAQ100,2025-08-05T20:00:00+00:00,0,23018.55993887227,23018.55993887227,23018.55993887227,25.233316790185366,0.5,5.8968993933533325,0.25,0.5,0.88,49.12,-50.0,50.0,100
I:NDX,NASDAQ100,2025-08-06T20:00:00+00:00,0,23315.04368458577,23315.04368458577,23315.04368458577,25.233316790185366,0.5,5.8968993933533325,0.25,0.5,0.88,49.12,-50.0,50.0,100
I:NDX,NASDAQ100,2025-08-07T20:00:00+00:00,0,23389.52842379071,23389.52842379071,23389.52842379071,25.233316790185366,0.5,5.8968993933533325,0.25,0.5,0.88,49.12,-50.0,50.0,100
I:NDX,NASDAQ100,2025-08-08T20:00:00+00:00,0,23611.26647409797,23611.26647409797,23611.26647409797,25.233316790185366,0.5,5.8968993933533325,0.25,0.5,0.88,49.12,-50.0,50.0,100
I:NDX,NASDAQ100,2025-08-11T20:00:00+00:00,0,23526.63419668262,23526.63419668262,23526.63419668262,25.233316790185366,0.5,5.8968993933533325,0.25,0.5,0.88,49.12,-50.0,50.0,100
I:NDX,NASDAQ100,2025-08-12T20:00:00+00:00,0,23839.19639841602,23839.19639841602,23839.19639841602,25.233316790185366,0.5,5.8968993933533325,0.25,0.5,0.88,49.12,-50.0,50.0,100
I:NDX,NASDAQ100,2025-08-13T20:00:00+00:00,0,23849.03960196421,23849.03960196421,23849.03960196421,25.233316790185366,0.5,5.8968993933533325,0.25,0.5,0.88,49.12,-50.0,50.0,100
I:NDX,NASDAQ100,2025-08-14T20:00:00+00:00,0,23832.44189333586,23832.44189333586,23832.44189333586,25.233316790185366,0.5,5.8968993933533325,0.25,0.5,0.88,49.12,-50.0,50.0,100
I:NDX,NASDAQ100,2025-08-15T20:00:00+00:00,0,23712.07003822175,23712.07003822175,23712.07003822175,25.233316790185366,0.5,5.8968993933533325,0.25,0.5,0.88,49.12,-50.0,50.0,100
I:NDX,NASDAQ100,2025-08-18T20:00:00+00:00,0,23713.75868710966,23713.75868710966,23713.75868710966,25.233316790185366,0.5,5.8968993933533325,0.25,0.5,0.88,49.12,-50.0,50.0,100
I:NDX,NASDAQ100,2025-08-19T20:00:00+00:00,0,23384.77002999511,23384.77002999511,23384.77002999511,25.233316790185366,0.5,5.8968993933533325,0.25,0.5,0.88,49.12,-50.0,50.0,100
I:NDX,NASDAQ100,2025-08-20T20:00:00+00:00,0,23249.57000471901,23249.57000471901,23249.57000471901,25.233316790185366,0.5,5.8968993933533325,0.25,0.5,0.88,49.12,-50.0,50.0,100
I:NDX,NASDAQ100,2025-08-21T20:00:00+00:00,0,23142.58045181978,23142.58045181978,23142.58045181978,25.233316790185366,0.5,5.8968993933533325,0.25,0.5,0.88,49.12,-50.0,50.0,100
I:NDX,NASDAQ100,2025-08-22T20:00:00+00:00,0,23498.11513899334,23498.11513899334,23498.11513899334,25.233316790185366,0.5,5.8968993933533325,0.25,0.5,0.88,49.12,-50.0,50.0,100
I:NDX,NASDAQ100,2025-08-25T20:00:00+00:00,0,23425.60456767548,23425.60456767548,23425.60456767548,25.233316790185366,0.5,5.8968993933533325,0.25,0.5,0.88,49.12,-50.0,50.0,100
I:NDX,NASDAQ100,2025-08-26T20:00:00+00:00,0,23525.29307902127,23525.29307902127,23525.29307902127,25.233316790185366,0.5,5.8968993933533325,0.25,0.5,0.88,49.12,-50.0,50.0,100
I:NDX,NASDAQ100,2025-08-27T20:00:00+00:00,0,23565.84579180184,23565.84579180184,23565.84579180184,25.233316790185366,0.5,5.8968993933533325,0.25,0.5,0.88,49.12,-50.0,50.0,100
I:NDX,NASDAQ100,2025-08-28T20:00:00+00:00,0,23703.45043770664,23703.45043770664,23703.45043770664,25.233316790185366,0.5,5.8968993933533325,0.25,0.5,0.88,49.12,-50.0,50.0,100
I:NDX,NASDAQ100,2025-08-29T20:00:00+00:00,0,23415.41980921227,23415.41980921227,23415.41980921227,25.233316790185366,0.5,5.8968993933533325,0.25,0.5,0.88,49.12,-50.0,50.0,100
I:NDX,NASDAQ100,2025-09-02T20:00:00+00:00,0,23231.10808165125,23231.10808165125,23231.10808165125,25.233316790185366,0.5,5.8968993933533325,0.25,0.5,0.88,49.12,-50.0,50.0,100
I:NDX,NASDAQ100,2025-09-03T20:00:00+00:00,0,23414.83942645409,23414.83942645409,23414.83942645409,25.233316790185366,0.5,5.8968993933533325,0.25,0.5,0.88,49.12,-50.0,50.0,100
I:NDX,NASDAQ100,2025-09-04T20:00:00+00:00,0,23633.01255958048,23633.01255958048,23633.01255958048,25.233316790185366,0.5,5.8968993933533325,0.25,0.5,0.88,49.12,-50.0,50.0,100
I:NDX,NASDAQ100,2025-09-05T20:00:00+00:00,0,23652.4429115218,23652.4429115218,23652.4429115218,25.233316790185366,0.5,5.8968993933533325,0.25,0.5,0.88,49.12,-50.0,50.0,100
I:NDX,NASDAQ100,2025-09-08T20:00:00+00:00,0,23762.3003176309,23762.3003176309,23762.3003176309,25.233316790185366,0.5,5.8968993933533325,0.25,0.5,0.88,49.12,-50.0,50.0,100
I:NDX,NASDAQ100,2025-09-09T20:00:00+00:00,0,23839.79597916415,23839.79597916415,23839.79597916415,25.233316790185366,0.5,5.8968993933533325,0.25,0.5,0.88,49.12,-50.0,50.0,100
I:NDX,NASDAQ100,2025-09-10T20:00:00+00:00,0,23849.27028035726,23849.27028035726,23849.27028035726,25.233316790185366,0.5,5.8968993933533325,0.25,0.5,0.88,49.12,-50.0,50.0,100
I:NDX,NASDAQ100,2025-09-11T20:00:00+00:00,0,23992.56187958296,23992.56187958296,23992.56187958296,25.233316790185366,0.5,5.8968993933533325,0.25,0.5,0.88,49.12,-50.0,50.0,100
I:NDX,NASDAQ100,2025-09-12T20:00:00+00:00,0,24092.19330125454,24092.19330125454,24092.19330125454,25.233316790185366,0.5,5.8968993933533325,0.25,0.5,0.88,49.12,-50.0,50.0,100
I:NDX,NASDAQ100,2025-09-15T20:00:00+00:00,0,24293.78116970626,24293.78116970626,24293.78116970626,25.233316790185366,0.5,5.8968993933533325,0.25,0.5,0.88,49.12,-50.0,50.0,100
I:NDX,NASDAQ100,2025-09-16T20:00:00+00:00,0,24274.2491796057,24274.2491796057,24274.2491796057,25.233316790185366,0.5,5.8968993933533325,0.25,0.5,0.88,49.12,-50.0,50.0,100
I:NDX,NASDAQ100,2025-09-17T20:00:00+00:00,0,24223.68741785472,24223.68741785472,24223.68741785472,25.233316790185366,0.5,5.8968993933533325,0.25,0.5,0.88,49.12,-50.0,50.0,100
I:NDX,NASDAQ100,2025-09-18T20:00:00+00:00,0,24454.89446752103,24454.89446752103,24454.89446752103,25.233316790185366,0.5,5.8968993933533325,0.25,0.5,0.88,49.12,-50.0,50.0,100
I:NDX,NASDAQ100,2025-09-19T20:00:00+00:00,0,24626.24664769563,24626.24664769563,24626.24664769563,25.233316790185366,0.5,5.8968993933533325,0.25,0.5,0.88,49.12,-50.0,50.0,100
I:NDX,NASDAQ100,2025-09-22T20:00:00+00:00,0,24761.07408331657,24761.07408331657,24761.07408331657,25.233316790185366,0.5,5.8968993933533325,0.25,0.5,0.88,49.12,-50.0,50.0,100
I:NDX,NASDAQ100,2025-09-23T20:00:00+00:00,0,24580.16827215806,24580.16827215806,24580.16827215806,25.233316790185366,0.5,5.8968993933533325,0.25,0.5,0.88,49.12,-50.0,50.0,100
I:NDX,NASDAQ100,2025-09-24T20:00:00+00:00,0,24503.56728788875,24503.56728788875,24503.56728788875,25.233316790185366,0.5,5.8968993933533325,0.25,0.5,0.88,49.12,-50.0,50.0,100
I:NDX,NASDAQ100,2025-09-25T20:00:00+00:00,0,24397.3105946754,24397.3105946754,24397.3105946754,25.233316790185366,0.5,5.8968993933533325,0.25,0.5,0.88,49.12,-50.0,50.0,100
I:NDX,NASDAQ100,2025-09-26T20:00:00+00:00,0,24503.84761948213,24503.84761948213,24503.84761948213,25.233316790185366,0.5,5.8968993933533325,0.25,0.5,0.88,49.12,-50.0,50.0,100
I:NDX,NASDAQ100,2025-09-29T20:00:00+00:00,0,24611.35220941858,24611.35220941858,24611.35220941858,25.233316790185366,0.5,5.8968993933533325,0.25,0.5,0.88,49.12,-50.0,50.0,100
I:NDX,NASDAQ100,2025-09-30T20:00:00+00:00,0,24679.98773467524,24679.98773467524,24679.98773467524,25.233316790185366,0.5,5.8968993933533325,0.25,0.5,0.88,49.12,-50.0,50.0,100
I:NDX,NASDAQ100,2025-10-01T20:00:00+00:00,0,24800.86280294629,24800.86280294629,24800.86280294629,25.233316790185366,0.5,5.8968993933533325,0.25,0.5,0.88,49.12,-50.0,50.0,100
I:NDX,NASDAQ100,2025-10-02T20:00:00+00:00,0,24892.76396967421,24892.76396967421,24892.76396967421,25.233316790185366,0.5,5.8968993933533325,0.25,0.5,0.88,49.12,-50.0,50.0,100
I:NDX,NASDAQ100,2025-10-03T20:00:00+00:00,0,24785.5219068399,24785.5219068399,24785.5219068399,25.233316790185366,0.5,5.8968993933533325,0.25,0.5,0.88,49.12,-50.0,50.0,100
I:NDX,NASDAQ100,2025-10-06T20:00:00+00:00,0,24978.55807133903,24978.55807133903,24978.55807133903,25.233316790185366,0.5,5.8968993933533325,0.25,0.5,0.88,49.12,-50.0,50.0,100
I:NDX,NASDAQ100,2025-10-07T20:00:00+00:00,0,24840.22652267956,24840.22652267956,24840.22652267956,25.233316790185366,0.5,5.8968993933533325,0.25,0.5,0.88,49.12,-50.0,50.0,100
I:NDX,NASDAQ100,2025-10-08T20:00:00+00:00,0,25136.62267009496,25136.62267009496,25136.62267009496,25.233316790185366,0.5,5.8968993933533325,0.25,0.5,0.88,49.12,-50.0,50.0,100
I:NDX,NASDAQ100,2025-10-09T20:00:00+00:00,0,25098.17637507313,25098.17637507313,25098.17637507313,25.233316790185366,0.5,5.8968993933533325,0.25,0.5,0.88,49.12,-50.0,50.0,100
I:NDX,NASDAQ100,2025-10-10T20:00:00+00:00,0,24221.74518926698,24221.74518926698,24221.74518926698,25.233316790185366,0.5,5.8968993933533325,0.25,0.5,0.88,49.12,-50.0,50.0,100
I:NDX,NASDAQ100,2025-10-13T20:00:00+00:00,0,24750.25235122276,24750.25235122276,24750.25235122276,25.233316790185366,0.5,5.8968993933533325,0.25,0.5,0.88,49.12,-50.0,50.0,100
I:NDX,NASDAQ100,2025-10-14T20:00:00+00:00,0,24579.31682398462,24579.31682398462,24579.31682398462,25.233316790185366,0.5,5.8968993933533325,0.25,0.5,0.88,49.12,-50.0,50.0,100
I:NDX,NASDAQ100,2025-10-15T20:00:00+00:00,0,24745.35828728986,24745.35828728986,24745.35828728986,25.233316790185366,0.5,5.8968993933533325,0.25,0.5,0.88,49.12,-50.0,50.0,100
I:NDX,NASDAQ100,2025-10-16T20:00:00+00:00,0,24657.24145862022,24657.24145862022,24657.24145862022,25.233316790185366,0.5,5.8968993933533325,0.25,0.5,0.88,49.12,-50.0,50.0,100
I:NDX,NASDAQ100,2025-10-17T20:00:00+00:00,0,24817.95349798611,24817.95349798611,24817.95349798611,25.233316790185366,0.5,5.8968993933533325,0.25,0.5,0.88,49.12,-50.0,50.0,100
I:NDX,NASDAQ100,2025-10-20T20:00:00+00:00,0,25141.01815971253,25141.01815971253,25141.01815971253,25.233316790185366,0.5,5.8968993933533325,0.25,0.5,0.88,49.12,-50.0,50.0,100
I:NDX,NASDAQ100,2025-10-21T20:00:00+00:00,0,25127.13135651568,25127.13135651568,25127.13135651568,25.233316790185366,0.5,5.8968993933533325,0.25,0.5,0.88,49.12,-50.0,50.0,100
I:NDX,NASDAQ100,2025-10-22T20:00:00+00:00,0,24879.0049414043,24879.0049414043,24879.0049414043,25.233316790185366,0.5,5.8968993933533325,0.25,0.5,0.88,49.12,-50.0,50.0,100
I:NDX,NASDAQ100,2025-10-23T20:00:00+00:00,0,25097.41543964089,25097.41543964089,25097.41543964089,25.233316790185366,0.5,5.8968993933533325,0.25,0.5,0.88,49.12,-50.0,50.0,100
I:NDX,NASDAQ100,2025-10-24T20:00:00+00:00,0,25358.16207577148,25358.16207577148,25358.16207577148,25.233316790185366,0.5,5.8968993933533325,0.25,0.5,0.88,49.12,-50.0,50.0,100
I:NDX,NASDAQ100,2025-10-27T20:00:00+00:00,0,25821.54561613179,25821.54561613179,25821.54561613179,25.233316790185366,0.5,5.8968993933533325,0.25,0.5,0.88,49.12,-50.0,50.0,100
I:NDX,NASDAQ100,2025-10-28T20:00:00+00:00,0,26012.15546637114,26012.15546637114,26012.15546637114,25.233316790185366,0.5,5.8968993933533325,0.25,0.5,0.88,49.12,-50.0,50.0,100
I:NDX,NASDAQ100,2025-10-29T20:00:00+00:00,0,26119.84604136246,26119.84604136246,26119.84604136246,25.233316790185366,0.5,5.8968993933533325,0.25,0.5,0.88,49.12,-50.0,50.0,100
I:NDX,NASDAQ100,2025-10-30T20:00:00+00:00,0,25734.81322516917,25734.81322516917,25734.81322516917,25.233316790185366,0.5,5.8968993933533325,0.25,0.5,0.88,49.12,-50.0,50.0,100
I:NDX,NASDAQ100,2025-10-31T20:00:00+00:00,0,25858.12596754833,25858.12596754833,25858.12596754833,25.233316790185366,0.5,5.8968993933533325,0.25,0.5,0.88,49.12,-50.0,50.0,100
I:SPX,INX,2024-11-01T20:00:00+00:00,0,5728.88,5728.88,5728.88,5.665344445700101,0.5,1.3239625413802445,0.25,0.5,0.88,49.12,-50.0,50.0,100
I:SPX,INX,2024-11-04T21:00:00+00:00,0,5712.7300000000005,5712.7300000000005,5712.7300000000005,5.665344445700101,0.5,1.3239625413802445,0.25,0.5,0.88,49.12,-50.0,50.0,100
I:SPX,INX,2024-11-05T21:00:00+00:00,0,5782.85,5782.85,5782.85,5.665344445700101,0.5,1.3239625413802445,0.25,0.5,0.88,49.12,-50.0,50.0,100
I:SPX,INX,2024-11-06T21:00:00+00:00,0,5928.91,5928.91,5928.91,5.665344445700101,0.5,1.3239625413802445,0.25,0.5,0.88,49.12,-50.0,50.0,100
I:SPX,INX,2024-11-07T21:00:00+00:00,0,5973.11,5973.11,5973.11,5.665344445700101,0.5,1.3239625413802445,0.25,0.5,0.88,49.12,-50.0,50.0,100
I:SPX,INX,2024-11-08T21:00:00+00:00,0,5995.6,5995.6,5995.6,5.665344445700101,0.5,1.3239625413802445,0.25,0.5,0.88,49.12,-50.0,50.0,100
I:SPX,INX,2024-11-12T21:00:00+00:00,0,5984.0,5984.0,5984.0,5.665344445700101,0.5,1.3239625413802445,0.25,0.5,0.88,49.12,-50.0,50.0,100
I:SPX,INX,2024-11-13T21:00:00+00:00,0,5985.400000000001,5985.400000000001,5985.400000000001,5.665344445700101,0.5,1.3239625413802445,0.25,0.5,0.88,49.12,-50.0,50.0,100
I:SPX,INX,2024-11-14T21:00:00+00:00,0,5949.18,5949.18,5949.18,5.665344445700101,0.5,1.3239625413802445,0.25,0.5,0.88,49.12,-50.0,50.0,100
I:SPX,INX,2024-11-15T21:00:00+00:00,0,5870.62,5870.62,5870.62,5.665344445700101,0.5,1.3239625413802445,0.25,0.5,0.88,49.12,-50.0,50.0,100
I:SPX,INX,2024-11-18T21:00:00+00:00,0,5893.63,5893.63,5893.63,5.665344445700101,0.5,1.3239625413802445,0.25,0.5,0.88,49.12,-50.0,50.0,100
I:SPX,INX,2024-11-19T21:00:00+00:00,0,5916.97,5916.97,5916.97,5.665344445700101,0.5,1.3239625413802445,0.25,0.5,0.88,49.12,-50.0,50.0,100
I:SPX,INX,2024-11-20T21:00:00+00:00,0,5917.21,5917.21,5917.21,5.665344445700101,0.5,1.3239625413802445,0.25,0.5,0.88,49.12,-50.0,50.0,100
I:SPX,INX,2024-11-21T21:00:00+00:00,0,5948.7,5948.7,5948.7,5.665344445700101,0.5,1.3239625413802445,0.25,0.5,0.88,49.12,-50.0,50.0,100
I:SPX,INX,2024-11-22T21:00:00+00:00,0,5969.27,5969.27,5969.27,5.665344445700101,0.5,1.3239625413802445,0.25,0.5,0.88,49.12,-50.0,50.0,100
I:SPX,INX,2024-11-25T21:00:00+00:00,0,5987.3,5987.3,5987.3,5.665344445700101,0.5,1.3239625413802445,0.25,0.5,0.88,49.12,-50.0,50.0,100
I:SPX,INX,2024-11-26T21:00:00+00:00,0,6021.6,6021.6,6021.6,5.665344445700101,0.5,1.3239625413802445,0.25,0.5,0.88,49.12,-50.0,50.0,100
I:SPX,INX,2024-11-27T21:00:00+00:00,0,5998.83,5998.83,5998.83,5.665344445700101,0.5,1.3239625413802445,0.25,0.5,0.88,49.12,-50.0,50.0,100
I:SPX,INX,2024-12-02T21:00:00+00:00,0,6047.13,6047.13,6047.13,5.665344445700101,0.5,1.3239625413802445,0.25,0.5,0.88,49.12,-50.0,50.0,100
I:SPX,INX,2024-12-03T21:00:00+00:00,0,6049.88,6049.88,6049.88,5.665344445700101,0.5,1.3239625413802445,0.25,0.5,0.88,49.12,-50.0,50.0,100
I:SPX,INX,2024-12-04T21:00:00+00:00,0,6086.49,6086.49,6086.49,5.665344445700101,0.5,1.3239625413802445,0.25,0.5,0.88,49.12,-50.0,50.0,100
I:SPX,INX,2024-12-05T21:00:00+00:00,0,6075.1,6075.1,6075.1,5.665344445700101,0.5,1.3239625413802445,0.25,0.5,0.88,49.12,-50.0,50.0,100
I:SPX,INX,2024-12-06T21:00:00+00:00,0,6090.27,6090.27,6090.27,5.665344445700101,0.5,1.3239625413802445,0.25,0.5,0.88,49.12,-50.0,50.0,100
I:SPX,INX,2024-12-09T21:00:00+00:00,0,6053.0,6053.0,6053.0,5.665344445700101,0.5,1.3239625413802445,0.25,0.5,0.88,49.12,-50.0,50.0,100
I:SPX,INX,2024-12-10T21:00:00+00:00,0,6034.900000000001,6034.900000000001,6034.900000000001,5.665344445700101,0.5,1.3239625413802445,0.25,0.5,0.88,49.12,-50.0,50.0,100
I:SPX,INX,2024-12-11T21:00:00+00:00,0,6084.2300000000005,6084.2300000000005,6084.2300000000005,5.665344445700101,0.5,1.3239625413802445,0.25,0.5,0.88,49.12,-50.0,50.0,100
I:SPX,INX,2024-12-12T21:00:00+00:00,0,6051.28,6051.28,6051.28,5.665344445700101,0.5,1.3239625413802445,0.25,0.5,0.88,49.12,-50.0,50.0,100
I:SPX,INX,2024-12-13T21:00:00+00:00,0,6051.09,6051.09,6051.09,5.665344445700101,0.5,1.3239625413802445,0.25,0.5,0.88,49.12,-50.0,50.0,100
I:SPX,INX,2024-12-16T21:00:00+00:00,0,6074.11,6074.11,6074.11,5.665344445700101,0.5,1.3239625413802445,0.25,0.5,0.88,49.12,-50.0,50.0,100
I:SPX,INX,2024-12-17T21:00:00+00:00,0,6050.6,6050.6,6050.6,5.665344445700101,0.5,1.3239625413802445,0.25,0.5,0.88,49.12,-50.0,50.0,100
I:SPX,INX,2024-12-18T21:00:00+00:00,0,5872.07,5872.07,5872.07,5.665344445700101,0.5,1.3239625413802445,0.25,0.5,0.88,49.12,-50.0,50.0,100
I:SPX,INX,2024-12-19T21:00:00+00:00,0,5867.09,5867.09,5867.09,5.665344445700101,0.5,1.3239625413802445,0.25,0.5,0.88,49.12,-50.0,50.0,100
I:SPX,INX,2024-12-20T21:00:00+00:00,0,5931.01,5931.01,5931.01,5.665344445700101,0.5,1.3239625413802445,0.25,0.5,0.88,49.12,-50.0,50.0,100
I:SPX,INX,2024-12-23T21:00:00+00:00,0,5974.06,5974.06,5974.06,5.665344445700101,0.5,1.3239625413802445,0.25,0.5,0.88,49.12,-50.0,50.0,100
I:SPX,INX,2024-12-26T21:00:00+00:00,0,6037.57,6037.57,6037.57,5.665344445700101,0.5,1.3239625413802445,0.25,0.5,0.88,49.12,-50.0,50.0,100
I:SPX,INX,2024-12-27T21:00:00+00:00,0,5970.86,5970.86,5970.86,5.665344445700101,0.5,1.3239625413802445,0.25,0.5,0.88,49.12,-50.0,50.0,100
I:SPX,INX,2024-12-30T21:00:00+00:00,0,5906.93,5906.93,5906.93,5.665344445700101,0.5,1.3239625413802445,0.25,0.5,0.88,49.12,-50.0,50.0,100
I:SPX,INX,2024-12-31T21:00:00+00:00,0,5881.79,5881.79,5881.79,5.665344445700101,0.5,1.3239625413802445,0.25,0.5,0.88,49.12,-50.0,50.0,100
I:SPX,INX,2025-01-02T21:00:00+00:00,0,5868.56,5868.56,5868.56,5.665344445700101,0.5,1.3239625413802445,0.25,0.5,0.88,49.12,-50.0,50.0,100
I:SPX,INX,2025-01-03T21:00:00+00:00,0,5942.4800000000005,5942.4800000000005,5942.4800000000005,5.665344445700101,0.5,1.3239625413802445,0.25,0.5,0.88,49.12,-50.0,50.0,100
I:SPX,INX,2025-01-06T21:00:00+00:00,0,5975.38,5975.38,5975.38,5.665344445700101,0.5,1.3239625413802445,0.25,0.5,0.88,49.12,-50.0,50.0,100
I:SPX,INX,2025-01-07T21:00:00+00:00,0,5909.04,5909.04,5909.04,5.665344445700101,0.5,1.3239625413802445,0.25,0.5,0.88,49.12,-50.0,50.0,100
I:SPX,INX,2025-01-08T21:00:00+00:00,0,5918.22,5918.22,5918.22,5.665344445700101,0.5,1.3239625413802445,0.25,0.5,0.88,49.12,-50.0,50.0,100
I:SPX,INX,2025-01-10T21:00:00+00:00,0,5827.02,5827.02,5827.02,5.665344445700101,0.5,1.3239625413802445,0.25,0.5,0.88,49.12,-50.0,50.0,100
I:SPX,INX,2025-01-13T21:00:00+00:00,0,5836.25,5836.25,5836.25,5.665344445700101,0.5,1.3239625413802445,0.25,0.5,0.88,49.12,-50.0,50.0,100
I:SPX,INX,2025-01-14T21:00:00+00:00,0,5842.900000000001,5842.900000000001,5842.900000000001,5.665344445700101,0.5,1.3239625413802445,0.25,0.5,0.88,49.12,-50.0,50.0,100
I:SPX,INX,2025-01-15T21:00:00+00:00,0,5949.900000000001,5949.900000000001,5949.900000000001,5.665344445700101,0.5,1.3239625413802445,0.25,0.5,0.88,49.12,-50.0,50.0,100
I:SPX,INX,2025-01-16T21:00:00+00:00,0,5937.32,5937.32,5937.32,5.665344445700101,0.5,1.3239625413802445,0.25,0.5,0.88,49.12,-50.0,50.0,100
I:SPX,INX,2025-01-17T21:00:00+00:00,0,5996.71,5996.71,5996.71,5.665344445700101,0.5,1.3239625413802445,0.25,0.5,0.88,49.12,-50.0,50.0,100
I:SPX,INX,2025-01-21T21:00:00+00:00,0,6049.29,6049.29,6049.29,5.665344445700101,0.5,1.3239625413802445,0.25,0.5,0.88,49.12,-50.0,50.0,100
I:SPX,INX,2025-01-22T21:00:00+00:00,0,6086.32,6086.32,6086.32,5.665344445700101,0.5,1.3239625413802445,0.25,0.5,0.88,49.12,-50.0,50.0,100
I:SPX,INX,2025-01-23T21:00:00+00:00,0,6118.72,6118.72,6118.72,5.665344445700101,0.5,1.3239625413802445,0.25,0.5,0.88,49.12,-50.0,50.0,100
I:SPX,INX,2025-01-24T21:00:00+00:00,0,6101.24,6101.24,6101.24,5.665344445700101,0.5,1.3239625413802445,0.25,0.5,0.88,49.12,-50.0,50.0,100
I:SPX,INX,2025-01-27T21:00:00+00:00,0,6012.31,6012.31,6012.31,5.665344445700101,0.5,1.3239625413802445,0.25,0.5,0.88,49.12,-50.0,50.0,100
I:SPX,INX,2025-01-28T21:00:00+00:00,0,6067.71,6067.71,6067.71,5.665344445700101,0.5,1.3239625413802445,0.25,0.5,0.88,49.12,-50.0,50.0,100
I:SPX,INX,2025-01-29T21:00:00+00:00,0,6039.29,6039.29,6039.29,5.665344445700101,0.5,1.3239625413802445,0.25,0.5,0.88,49.12,-50.0,50.0,100
I:SPX,INX,2025-01-30T21:00:00+00:00,0,6071.18,6071.18,6071.18,5.665344445700101,0.5,1.3239625413802445,0.25,0.5,0.88,49.12,-50.0,50.0,100
I:SPX,INX,2025-01-31T21:00:00+00:00,0,6040.46,6040.46,6040.46,5.665344445700101,0.5,1.3239625413802445,0.25,0.5,0.88,49.12,-50.0,50.0,100
I:SPX,INX,2025-02-03T21:00:00+00:00,0,5994.63,5994.63,5994.63,5.665344445700101,0.5,1.3239625413802445,0.25,0.5,0.88,49.12,-50.0,50.0,100
I:SPX,INX,2025-02-04T21:00:00+00:00,0,6037.85,6037.85,6037.85,5.665344445700101,0.5,1.3239625413802445,0.25,0.5,0.88,49.12,-50.0,50.0,100
I:SPX,INX,2025-02-05T21:00:00+00:00,0,6061.4800000000005,6061.4800000000005,6061.4800000000005,5.665344445700101,0.5,1.3239625413802445,0.25,0.5,0.88,49.12,-50.0,50.0,100
I:SPX,INX,2025-02-06T21:00:00+00:00,0,6083.52,6083.52,6083.52,5.665344445700101,0.5,1.3239625413802445,0.25,0.5,0.88,49.12,-50.0,50.0,100
I:SPX,INX,2025-02-07T21:00:00+00:00,0,6025.99,6025.99,6025.99,5.665344445700101,0.5,1.3239625413802445,0.25,0.5,0.88,49.12,-50.0,50.0,100
I:SPX,INX,2025-02-10T21:00:00+00:00,0,6066.46,6066.46,6066.46,5.665344445700101,0.5,1.3239625413802445,0.25,0.5,0.88,49.12,-50.0,50.0,100
I:SPX,INX,2025-02-11T21:00:00+00:00,0,6068.51,6068.51,6068.51,5.665344445700101,0.5,1.3239625413802445,0.25,0.5,0.88,49.12,-50.0,50.0,100
I:SPX,INX,2025-02-12T21:00:00+00:00,0,6051.9400000000005,6051.9400000000005,6051.9400000000005,5.665344445700101,0.5,1.3239625413802445,0.25,0.5,0.88,49.12,-50.0,50.0,100
I:SPX,INX,2025-02-13T21:00:00+00:00,0,6115.06,6115.06,6115.06,5.665344445700101,0.5,1.3239625413802445,0.25,0.5,0.88,49.12,-50.0,50.0,100
I:SPX,INX,2025-02-14T21:00:00+00:00,0,6114.59,6114.59,6114.59,5.665344445700101,0.5,1.3239625413802445,0.25,0.5,0.88,49.12,-50.0,50.0,100
I:SPX,INX,2025-02-18T21:00:00+00:00,0,6129.57,6129.57,6129.57,5.665344445700101,0.5,1.3239625413802445,0.25,0.5,0.88,49.12,-50.0,50.0,100
I:SPX,INX,2025-02-19T21:00:00+00:00,0,6144.1,6144.1,6144.1,5.665344445700101,0.5,1.3239625413802445,0.25,0.5,0.88,49.12,-50.0,50.0,100
I:SPX,INX,2025-02-20T21:00:00+00:00,0,6117.62,6117.62,6117.62,5.665344445700101,0.5,1.3239625413802445,0.25,0.5,0.88,49.12,-50.0,50.0,100
I:SPX,INX,2025-02-21T21:00:00+00:00,0,6013.2300000000005,6013.2300000000005,6013.2300000000005,5.665344445700101,0.5,1.3239625413802445,0.25,0.5,0.88,49.12,-50.0,50.0,100
I:SPX,INX,2025-02-24T21:00:00+00:00,0,5983.43,5983.43,5983.43,5.665344445700101,0.5,1.3239625413802445,0.25,0.5,0.88,49.12,-50.0,50.0,100
I:SPX,INX,2025-02-25T21:00:00+00:00,0,5955.34,5955.34,5955.34,5.665344445700101,0.5,1.3239625413802445,0.25,0.5,0.88,49.12,-50.0,50.0,100
I:SPX,INX,2025-02-26T21:00:00+00:00,0,5956.16,5956.16,5956.16,5.665344445700101,0.5,1.3239625413802445,0.25,0.5,0.88,49.12,-50.0,50.0,100
I:SPX,INX,2025-02-27T21:00:00+00:00,0,5861.68,5861.68,5861.68,5.665344445700101,0.5,1.3239625413802445,0.25,0.5,0.88,49.12,-50.0,50.0,100
I:SPX,INX,2025-02-28T21:00:00+00:00,0,5954.41,5954.41,5954.41,5.665344445700101,0.5,1.3239625413802445,0.25,0.5,0.88,49.12,-50.0,50.0,100
I:SPX,INX,2025-03-03T21:00:00+00:00,0,5849.72,5849.72,5849.72,5.665344445700101,0.5,1.3239625413802445,0.25,0.5,0.88,49.12,-50.0,50.0,100
I:SPX,INX,2025-03-04T21:00:00+00:00,0,5778.18,5778.18,5778.18,5.665344445700101,0.5,1.3239625413802445,0.25,0.5,0.88,49.12,-50.0,50.0,100
I:SPX,INX,2025-03-05T21:00:00+00:00,0,5842.52,5842.52,5842.52,5.665344445700101,0.5,1.3239625413802445,0.25,0.5,0.88,49.12,-50.0,50.0,100
I:SPX,INX,2025-03-06T21:00:00+00:00,0,5738.5,5738.5,5738.5,5.665344445700101,0.5,1.3239625413802445,0.25,0.5,0.88,49.12,-50.0,50.0,100
I:SPX,INX,2025-03-07T21:00:00+00:00,0,5770.2,5770.2,5770.2,5.665344445700101,0.5,1.3239625413802445,0.25,0.5,0.88,49.12,-50.0,50.0,100
I:SPX,INX,2025-03-10T20:00:00+00:00,0,5614.62,5614.62,5614.62,5.665344445700101,0.5,1.3239625413802445,0.25,0.5,0.88,49.12,-50.0,50.0,100
I:SPX,INX,2025-03-11T20:00:00+00:00,0,5572.07,5572.07,5572.07,5.665344445700101,0.5,1.3239625413802445,0.25,0.5,0.88,49.12,-50.0,50.0,100
I:SPX,INX,2025-03-12T20:00:00+00:00,0,5599.3,5599.3,5599.3,5.665344445700101,0.5,1.3239625413802445,0.25,0.5,0.88,49.12,-50.0,50.0,100
I:SPX,INX,2025-03-13T20:00:00+00:00,0,5521.51,5521.51,5521.51,5.665344445700101,0.5,1.3239625413802445,0.25,0.5,0.88,49.12,-50.0,50.0,100
I:SPX,INX,2025-03-14T20:00:00+00:00,0,5638.9400000000005,5638.9400000000005,5638.9400000000005,5.665344445700101,0.5,1.3239625413802445,0.25,0.5,0.88,49.12,-50.0,50.0,100
I:SPX,INX,2025-03-17T20:00:00+00:00,0,5675.13,5675.13,5675.13,5.665344445700101,0.5,1.3239625413802445,0.25,0.5,0.88,49.12,-50.0,50.0,100
I:SPX,INX,2025-03-18T20:00:00+00:00,0,5614.67,5614.67,5614.67,5.665344445700101,0.5,1.3239625413802445,0.25,0.5,0.88,49.12,-50.0,50.0,100
I:SPX,INX,2025-03-19T20:00:00+00:00,0,5675.35,5675.35,5675.35,5.665344445700101,0.5,1.3239625413802445,0.25,0.5,0.88,49.12,-50.0,50.0,100
I:SPX,INX,2025-03-20T20:00:00+00:00,0,5662.900000000001,5662.900000000001,5662.900000000001,5.665344445700101,0.5,1.3239625413802445,0.25,0.5,0.88,49.12,-50.0,50.0,100
I:SPX,INX,2025-03-21T20:00:00+00:00,0,5667.35,5667.35,5667.35,5.665344445700101,0.5,1.3239625413802445,0.25,0.5,0.88,49.12,-50.0,50.0,100
I:SPX,INX,2025-03-24T20:00:00+00:00,0,5767.56,5767.56,5767.56,5.665344445700101,0.5,1.3239625413802445,0.25,0.5,0.88,49.12,-50.0,50.0,100
I:SPX,INX,2025-03-25T20:00:00+00:00,0,5776.62,5776.62,5776.62,5.665344445700101,0.5,1.3239625413802445,0.25,0.5,0.88,49.12,-50.0,50.0,100
I:SPX,INX,2025-03-26T20:00:00+00:00,0,5712.18,5712.18,5712.18,5.665344445700101,0.5,1.3239625413802445,0.25,0.5,0.88,49.12,-50.0,50.0,100
I:SPX,INX,2025-03-27T20:00:00+00:00,0,5693.3,5693.3,5693.3,5.665344445700101,0.5,1.3239625413802445,0.25,0.5,0.88,49.12,-50.0,50.0,100
I:SPX,INX,2025-03-28T20:00:00+00:00,0,5580.95,5580.95,5580.95,5.665344445700101,0.5,1.3239625413802445,0.25,0.5,0.88,49.12,-50.0,50.0,100
I:SPX,INX,2025-03-31T20:00:00+00:00,0,5611.91,5611.91,5611.91,5.665344445700101,0.5,1.3239625413802445,0.25,0.5,0.88,49.12,-50.0,50.0,100
I:SPX,INX,2025-04-01T20:00:00+00:00,0,5633.08,5633.08,5633.08,5.665344445700101,0.5,1.3239625413802445,0.25,0.5,0.88,49.12,-50.0,50.0,100
I:SPX,INX,2025-04-02T20:00:00+00:00,0,5670.87,5670.87,5670.87,5.665344445700101,0.5,1.3239625413802445,0.25,0.5,0.88,49.12,-50.0,50.0,100
I:SPX,INX,2025-04-03T20:00:00+00:00,0,5396.6,5396.6,5396.6,5.665344445700101,0.5,1.3239625413802445,0.25,0.5,0.88,49.12,-50.0,50.0,100
I:SPX,INX,2025-04-04T20:00:00+00:00,0,5074.05,5074.05,5074.05,5.665344445700101,0.5,1.3239625413802445,0.25,0.5,0.88,49.12,-50.0,50.0,100
I:SPX,INX,2025-04-07T20:00:00+00:00,0,5062.18,5062.18,5062.18,5.665344445700101,0.5,1.3239625413802445,0.25,0.5,0.88,49.12,-50.0,50.0,100
I:SPX,INX,2025-04-08T20:00:00+00:00,0,4982.78,4982.78,4982.78,5.665344445700101,0.5,1.3239625413802445,0.25,0.5,0.88,49.12,-50.0,50.0,100
I:SPX,INX,2025-04-09T20:00:00+00:00,0,5456.78,5456.78,5456.78,5.665344445700101,0.5,1.3239625413802445,0.25,0.5,0.88,49.12,-50.0,50.0,100
I:SPX,INX,2025-04-10T20:00:00+00:00,0,5267.83,5267.83,5267.83,5.665344445700101,0.5,1.3239625413802445,0.25,0.5,0.88,49.12,-50.0,50.0,100
I:SPX,INX,2025-04-11T20:00:00+00:00,0,5363.36,5363.36,5363.36,5.665344445700101,0.5,1.3239625413802445,0.25,0.5,0.88,49.12,-50.0,50.0,100
I:SPX,INX,2025-04-14T20:00:00+00:00,0,5405.9800000000005,5405.9800000000005,5405.9800000000005,5.665344445700101,0.5,1.3239625413802445,0.25,0.5,0.88,49.12,-50.0,50.0,100
I:SPX,INX,2025-04-15T20:00:00+00:00,0,5396.61,5396.61,5396.61,5.665344445700101,0.5,1.3239625413802445,0.25,0.5,0.88,49.12,-50.0,50.0,100
I:SPX,INX,2025-04-16T20:00:00+00:00,0,5275.74,5275.74,5275.74,5.665344445700101,0.5,1.3239625413802445,0.25,0.5,0.88,49.12,-50.0,50.0,100
I:SPX,INX,2025-04-17T20:00:00+00:00,0,5282.64,5282.64,5282.64,5.665344445700101,0.5,1.3239625413802445,0.25,0.5,0.88,49.12,-50.0,50.0,100
I:SPX,INX,2025-04-21T20:00:00+00:00,0,5158.21,5158.21,5158.21,5.665344445700101,0.5,1.3239625413802445,0.25,0.5,0.88,49.12,-50.0,50.0,100
I:SPX,INX,2025-04-22T20:00:00+00:00,0,5287.72,5287.72,5287.72,5.665344445700101,0.5,1.3239625413802445,0.25,0.5,0.88,49.12,-50.0,50.0,100
I:SPX,INX,2025-04-23T20:00:00+00:00,0,5375.82,5375.82,5375.82,5.665344445700101,0.5,1.3239625413802445,0.25,0.5,0.88,49.12,-50.0,50.0,100
I:SPX,INX,2025-04-24T20:00:00+00:00,0,5484.8,5484.8,5484.8,5.665344445700101,0.5,1.3239625413802445,0.25,0.5,0.88,49.12,-50.0,50.0,100
I:SPX,INX,2025-04-25T20:00:00+00:00,0,5525.21,5525.21,5525.21,5.665344445700101,0.5,1.3239625413802445,0.25,0.5,0.88,49.12,-50.0,50.0,100
I:SPX,INX,2025-04-28T20:00:00+00:00,0,5528.71,5528.71,5528.71,5.665344445700101,0.5,1.3239625413802445,0.25,0.5,0.88,49.12,-50.0,50.0,100
I:SPX,INX,2025-04-29T20:00:00+00:00,0,5560.74,5560.74,5560.74,5.665344445700101,0.5,1.3239625413802445,0.25,0.5,0.88,49.12,-50.0,50.0,100
I:SPX,INX,2025-04-30T20:00:00+00:00,0,5568.92,5568.92,5568.92,5.665344445700101,0.5,1.3239625413802445,0.25,0.5,0.88,49.12,-50.0,50.0,100
I:SPX,INX,2025-05-01T20:00:00+00:00,0,5604.1,5604.1,5604.1,5.665344445700101,0.5,1.3239625413802445,0.25,0.5,0.88,49.12,-50.0,50.0,100
I:SPX,INX,2025-05-02T20:00:00+00:00,0,5686.63,5686.63,5686.63,5.665344445700101,0.5,1.3239625413802445,0.25,0.5,0.88,49.12,-50.0,50.0,100
I:SPX,INX,2025-05-05T20:00:00+00:00,0,5650.59,5650.59,5650.59,5.665344445700101,0.5,1.3239625413802445,0.25,0.5,0.88,49.12,-50.0,50.0,100
I:SPX,INX,2025-05-06T20:00:00+00:00,0,5606.84,5606.84,5606.84,5.665344445700101,0.5,1.3239625413802445,0.25,0.5,0.88,49.12,-50.0,50.0,100
I:SPX,INX,2025-05-07T20:00:00+00:00,0,5631.1900000000005,5631.1900000000005,5631.1900000000005,5.665344445700101,0.5,1.3239625413802445,0.25,0.5,0.88,49.12,-50.0,50.0,100
I:SPX,INX,2025-05-08T20:00:00+00:00,0,5664.12,5664.12,5664.12,5.665344445700101,0.5,1.3239625413802445,0.25,0.5,0.88,49.12,-50.0,50.0,100
I:SPX,INX,2025-05-09T20:00:00+00:00,0,5659.91,5659.91,5659.91,5.665344445700101,0.5,1.3239625413802445,0.25,0.5,0.88,49.12,-50.0,50.0,100
I:SPX,INX,2025-05-12T20:00:00+00:00,0,5844.17,5844.17,5844.17,5.665344445700101,0.5,1.3239625413802445,0.25,0.5,0.88,49.12,-50.0,50.0,100
I:SPX,INX,2025-05-13T20:00:00+00:00,0,5886.55,5886.55,5886.55,5.665344445700101,0.5,1.3239625413802445,0.25,0.5,0.88,49.12,-50.0,50.0,100
I:SPX,INX,2025-05-14T20:00:00+00:00,0,5892.58,5892.58,5892.58,5.665344445700101,0.5,1.3239625413802445,0.25,0.5,0.88,49.12,-50.0,50.0,100
I:SPX,INX,2025-05-15T20:00:00+00:00,0,5916.93,5916.93,5916.93,5.665344445700101,0.5,1.3239625413802445,0.25,0.5,0.88,49.12,-50.0,50.0,100
I:SPX,INX,2025-05-16T20:00:00+00:00,0,5958.38,5958.38,5958.38,5.665344445700101,0.5,1.3239625413802445,0.25,0.5,0.88,49.12,-50.0,50.0,100
I:SPX,INX,2025-05-19T20:00:00+00:00,0,5963.59,5963.59,5963.59,5.665344445700101,0.5,1.3239625413802445,0.25,0.5,0.88,49.12,-50.0,50.0,100
I:SPX,INX,2025-05-20T20:00:00+00:00,0,5940.46,5940.46,5940.46,5.665344445700101,0.5,1.3239625413802445,0.25,0.5,0.88,49.12,-50.0,50.0,100
I:SPX,INX,2025-05-21T20:00:00+00:00,0,5844.55,5844.55,5844.55,5.665344445700101,0.5,1.3239625413802445,0.25,0.5,0.88,49.12,-50.0,50.0,100
I:SPX,INX,2025-05-22T20:00:00+00:00,0,5842.01,5842.01,5842.01,5.665344445700101,0.5,1.3239625413802445,0.25,0.5,0.88,49.12,-50.0,50.0,100
I:SPX,INX,2025-05-23T20:00:00+00:00,0,5802.83,5802.83,5802.83,5.665344445700101,0.5,1.3239625413802445,0.25,0.5,0.88,49.12,-50.0,50.0,100
I:SPX,INX,2025-05-27T20:00:00+00:00,0,5921.54,5921.54,5921.54,5.665344445700101,0.5,1.3239625413802445,0.25,0.5,0.88,49.12,-50.0,50.0,100
I:SPX,INX,2025-05-28T20:00:00+00:00,0,5888.56,5888.56,5888.56,5.665344445700101,0.5,1.3239625413802445,0.25,0.5,0.88,49.12,-50.0,50.0,100
I:SPX,INX,2025-05-29T20:00:00+00:00,0,5912.2,5912.2,5912.2,5.665344445700101,0.5,1.3239625413802445,0.25,0.5,0.88,49.12,-50.0,50.0,100
I:SPX,INX,2025-05-30T20:00:00+00:00,0,5911.62,5911.62,5911.62,5.665344445700101,0.5,1.3239625413802445,0.25,0.5,0.88,49.12,-50.0,50.0,100
I:SPX,INX,2025-06-02T20:00:00+00:00,0,5936.03,5936.03,5936.03,5.665344445700101,0.5,1.3239625413802445,0.25,0.5,0.88,49.12,-50.0,50.0,100
I:SPX,INX,2025-06-03T20:00:00+00:00,0,5970.38,5970.38,5970.38,5.665344445700101,0.5,1.3239625413802445,0.25,0.5,0.88,49.12,-50.0,50.0,100
I:SPX,INX,2025-06-04T20:00:00+00:00,0,5970.81,5970.81,5970.81,5.665344445700101,0.5,1.3239625413802445,0.25,0.5,0.88,49.12,-50.0,50.0,100
I:SPX,INX,2025-06-05T20:00:00+00:00,0,5939.31,5939.31,5939.31,5.665344445700101,0.5,1.3239625413802445,0.25,0.5,0.88,49.12,-50.0,50.0,100
I:SPX,INX,2025-06-06T20:00:00+00:00,0,6000.32,6000.32,6000.32,5.665344445700101,0.5,1.3239625413802445,0.25,0.5,0.88,49.12,-50.0,50.0,100
I:SPX,INX,2025-06-09T20:00:00+00:00,0,6005.88,6005.88,6005.88,5.665344445700101,0.5,1.3239625413802445,0.25,0.5,0.88,49.12,-50.0,50.0,100
I:SPX,INX,2025-06-10T20:00:00+00:00,0,6038.81,6038.81,6038.81,5.665344445700101,0.5,1.3239625413802445,0.25,0.5,0.88,49.12,-50.0,50.0,100
I:SPX,INX,2025-06-11T20:00:00+00:00,0,6022.33,6022.33,6022.33,5.665344445700101,0.5,1.3239625413802445,0.25,0.5,0.88,49.12,-50.0,50.0,100
I:SPX,INX,2025-06-12T20:00:00+00:00,0,6045.22,6045.22,6045.22,5.665344445700101,0.5,1.3239625413802445,0.25,0.5,0.88,49.12,-50.0,50.0,100
I:SPX,INX,2025-06-13T20:00:00+00:00,0,5976.96,5976.96,5976.96,5.665344445700101,0.5,1.3239625413802445,0.25,0.5,0.88,49.12,-50.0,50.0,100
I:SPX,INX,2025-06-16T20:00:00+00:00,0,6033.11,6033.11,6033.11,5.665344445700101,0.5,1.3239625413802445,0.25,0.5,0.88,49.12,-50.0,50.0,100
I:SPX,INX,2025-06-17T20:00:00+00:00,0,5982.72,5982.72,5982.72,5.665344445700101,0.5,1.3239625413802445,0.25,0.5,0.88,49.12,-50.0,50.0,100
I:SPX,INX,2025-06-18T20:00:00+00:00,0,5980.85,5980.85,5980.85,5.665344445700101,0.5,1.3239625413802445,0.25,0.5,0.88,49.12,-50.0,50.0,100
I:SPX,INX,2025-06-20T20:00:00+00:00,0,5967.83,5967.83,5967.83,5.665344445700101,0.5,1.3239625413802445,0.25,0.5,0.88,49.12,-50.0,50.0,100
I:SPX,INX,2025-06-23T20:00:00+00:00,0,6025.1900000000005,6025.1900000000005,6025.1900000000005,5.665344445700101,0.5,1.3239625413802445,0.25,0.5,0.88,49.12,-50.0,50.0,100
I:SPX,INX,2025-06-24T20:00:00+00:00,0,6092.2300000000005,6092.2300000000005,6092.2300000000005,5.665344445700101,0.5,1.3239625413802445,0.25,0.5,0.88,49.12,-50.0,50.0,100
I:SPX,INX,2025-06-25T20:00:00+00:00,0,6092.2,6092.2,6092.2,5.665344445700101,0.5,1.3239625413802445,0.25,0.5,0.88,49.12,-50.0,50.0,100
I:SPX,INX,2025-06-26T20:00:00+00:00,0,6141.02,6141.02,6141.02,5.665344445700101,0.5,1.3239625413802445,0.25,0.5,0.88,49.12,-50.0,50.0,100
I:SPX,INX,2025-06-27T20:00:00+00:00,0,6173.07,6173.07,6173.07,5.665344445700101,0.5,1.3239625413802445,0.25,0.5,0.88,49.12,-50.0,50.0,100
I:SPX,INX,2025-06-30T20:00:00+00:00,0,6204.9400000000005,6204.9400000000005,6204.9400000000005,5.665344445700101,0.5,1.3239625413802445,0.25,0.5,0.88,49.12,-50.0,50.0,100
I:SPX,INX,2025-07-01T20:00:00+00:00,0,6198.05,6198.05,6198.05,5.665344445700101,0.5,1.3239625413802445,0.25,0.5,0.88,49.12,-50.0,50.0,100
I:SPX,INX,2025-07-02T20:00:00+00:00,0,6227.41,6227.41,6227.41,5.665344445700101,0.5,1.3239625413802445,0.25,0.5,0.88,49.12,-50.0,50.0,100
I:SPX,INX,2025-07-07T20:00:00+00:00,0,6229.9800000000005,6229.9800000000005,6229.9800000000005,5.665344445700101,0.5,1.3239625413802445,0.25,0.5,0.88,49.12,-50.0,50.0,100
I:SPX,INX,2025-07-08T20:00:00+00:00,0,6225.53,6225.53,6225.53,5.665344445700101,0.5,1.3239625413802445,0.25,0.5,0.88,49.12,-50.0,50.0,100
I:SPX,INX,2025-07-09T20:00:00+00:00,0,6263.35,6263.35,6263.35,5.665344445700101,0.5,1.3239625413802445,0.25,0.5,0.88,49.12,-50.0,50.0,100
I:SPX,INX,2025-07-10T20:00:00+00:00,0,6280.38,6280.38,6280.38,5.665344445700101,0.5,1.3239625413802445,0.25,0.5,0.88,49.12,-50.0,50.0,100
I:SPX,INX,2025-07-11T20:00:00+00:00,0,6259.75,6259.75,6259.75,5.665344445700101,0.5,1.3239625413802445,0.25,0.5,0.88,49.12,-50.0,50.0,100
I:SPX,INX,2025-07-14T20:00:00+00:00,0,6268.56,6268.56,6268.56,5.665344445700101,0.5,1.3239625413802445,0.25,0.5,0.88,49.12,-50.0,50.0,100
I:SPX,INX,2025-07-15T20:00:00+00:00,0,6243.68,6243.68,6243.68,5.665344445700101,0.5,1.3239625413802445,0.25,0.5,0.88,49.12,-50.0,50.0,100
I:SPX,INX,2025-07-16T20:00:00+00:00,0,6263.6900000000005,6263.6900000000005,6263.6900000000005,5.665344445700101,0.5,1.3239625413802445,0.25,0.5,0.88,49.12,-50.0,50.0,100
I:SPX,INX,2025-07-17T20:00:00+00:00,0,6297.5,6297.5,6297.5,5.665344445700101,0.5,1.3239625413802445,0.25,0.5,0.88,49.12,-50.0,50.0,100
I:SPX,INX,2025-07-18T20:00:00+00:00,0,6296.79,6296.79,6296.79,5.665344445700101,0.5,1.3239625413802445,0.25,0.5,0.88,49.12,-50.0,50.0,100
I:SPX,INX,2025-07-21T20:00:00+00:00,0,6305.6,6305.6,6305.6,5.665344445700101,0.5,1.3239625413802445,0.25,0.5,0.88,49.12,-50.0,50.0,100
I:SPX,INX,2025-07-22T20:00:00+00:00,0,6309.59,6309.59,6309.59,5.665344445700101,0.5,1.3239625413802445,0.25,0.5,0.88,49.12,-50.0,50.0,100
I:SPX,INX,2025-07-23T20:00:00+00:00,0,6358.99,6358.99,6358.99,5.665344445700101,0.5,1.3239625413802445,0.25,0.5,0.88,49.12,-50.0,50.0,100
I:SPX,INX,2025-07-24T20:00:00+00:00,0,6363.39,6363.39,6363.39,5.665344445700101,0.5,1.3239625413802445,0.25,0.5,0.88,49.12,-50.0,50.0,100
I:SPX,INX,2025-07-25T20:00:00+00:00,0,6388.650000000001,6388.650000000001,6388.650000000001,5.665344445700101,0.5,1.3239625413802445,0.25,0.5,0.88,49.12,-50.0,50.0,100
I:SPX,INX,2025-07-28T20:00:00+00:00,0,6389.8,6389.8,6389.8,5.665344445700101,0.5,1.3239625413802445,0.25,0.5,0.88,49.12,-50.0,50.0,100
I:SPX,INX,2025-07-29T20:00:00+00:00,0,6370.89,6370.89,6370.89,5.665344445700101,0.5,1.3239625413802445,0.25,0.5,0.88,49.12,-50.0,50.0,100
I:SPX,INX,2025-07-30T20:00:00+00:00,0,6362.95,6362.95,6362.95,5.665344445700101,0.5,1.3239625413802445,0.25,0.5,0.88,49.12,-50.0,50.0,100
I:SPX,INX,2025-07-31T20:00:00+00:00,0,6339.55,6339.55,6339.55,5.665344445700101,0.5,1.3239625413802445,0.25,0.5,0.88,49.12,-50.0,50.0,100
I:SPX,INX,2025-08-01T20:00:00+00:00,0,6238.01,6238.01,6238.01,5.665344445700101,0.5,1.3239625413802445,0.25,0.5,0.88,49.12,-50.0,50.0,100
I:SPX,INX,2025-08-04T20:00:00+00:00,0,6329.93,6329.93,6329.93,5.665344445700101,0.5,1.3239625413802445,0.25,0.5,0.88,49.12,-50.0,50.0,100
I:SPX,INX,2025-08-05T20:00:00+00:00,0,6299.17,6299.17,6299.17,5.665344445700101,0.5,1.3239625413802445,0.25,0.5,0.88,49.12,-50.0,50.0,100
I:SPX,INX,2025-08-06T20:00:00+00:00,0,6345.09,6345.09,6345.09,5.665344445700101,0.5,1.3239625413802445,0.25,0.5,0.88,49.12,-50.0,50.0,100
I:SPX,INX,2025-08-07T20:00:00+00:00,0,6340.0,6340.0,6340.0,5.665344445700101,0.5,1.3239625413802445,0.25,0.5,0.88,49.12,-50.0,50.0,100
I:SPX,INX,2025-08-08T20:00:00+00:00,0,6389.51,6389.51,6389.51,5.665344445700101,0.5,1.3239625413802445,0.25,0.5,0.88,49.12,-50.0,50.0,100
I:SPX,INX,2025-08-11T20:00:00+00:00,0,6373.52,6373.52,6373.52,5.665344445700101,0.5,1.3239625413802445,0.25,0.5,0.88,49.12,-50.0,50.0,100
I:SPX,INX,2025-08-12T20:00:00+00:00,0,6445.82,6445.82,6445.82,5.665344445700101,0.5,1.3239625413802445,0.25,0.5,0.88,49.12,-50.0,50.0,100
I:SPX,INX,2025-08-13T20:00:00+00:00,0,6466.58,6466.58,6466.58,5.665344445700101,0.5,1.3239625413802445,0.25,0.5,0.88,49.12,-50.0,50.0,100
I:SPX,INX,2025-08-14T20:00:00+00:00,0,6468.54,6468.54,6468.54,5.665344445700101,0.5,1.3239625413802445,0.25,0.5,0.88,49.12,-50.0,50.0,100
I:SPX,INX,2025-08-15T20:00:00+00:00,0,6449.79,6449.79,6449.79,5.665344445700101,0.5,1.3239625413802445,0.25,0.5,0.88,49.12,-50.0,50.0,100
I:SPX,INX,2025-08-18T20:00:00+00:00,0,6449.16,6449.16,6449.16,5.665344445700101,0.5,1.3239625413802445,0.25,0.5,0.88,49.12,-50.0,50.0,100
I:SPX,INX,2025-08-19T20:00:00+00:00,0,6411.46,6411.46,6411.46,5.665344445700101,0.5,1.3239625413802445,0.25,0.5,0.88,49.12,-50.0,50.0,100
I:SPX,INX,2025-08-20T20:00:00+00:00,0,6395.79,6395.79,6395.79,5.665344445700101,0.5,1.3239625413802445,0.25,0.5,0.88,49.12,-50.0,50.0,100
I:SPX,INX,2025-08-21T20:00:00+00:00,0,6370.150000000001,6370.150000000001,6370.150000000001,5.665344445700101,0.5,1.3239625413802445,0.25,0.5,0.88,49.12,-50.0,50.0,100
I:SPX,INX,2025-08-22T20:00:00+00:00,0,6466.900000000001,6466.900000000001,6466.900000000001,5.665344445700101,0.5,1.3239625413802445,0.25,0.5,0.88,49.12,-50.0,50.0,100
I:SPX,INX,2025-08-25T20:00:00+00:00,0,6439.32,6439.32,6439.32,5.665344445700101,0.5,1.3239625413802445,0.25,0.5,0.88,49.12,-50.0,50.0,100
I:SPX,INX,2025-08-26T20:00:00+00:00,0,6465.91,6465.91,6465.91,5.665344445700101,0.5,1.3239625413802445,0.25,0.5,0.88,49.12,-50.0,50.0,100
I:SPX,INX,2025-08-27T20:00:00+00:00,0,6481.400000000001,6481.400000000001,6481.400000000001,5.665344445700101,0.5,1.3239625413802445,0.25,0.5,0.88,49.12,-50.0,50.0,100
I:SPX,INX,2025-08-28T20:00:00+00:00,0,6501.860000000001,6501.860000000001,6501.860000000001,5.665344445700101,0.5,1.3239625413802445,0.25,0.5,0.88,49.12,-50.0,50.0,100
I:SPX,INX,2025-08-29T20:00:00+00:00,0,6460.27,6460.27,6460.27,5.665344445700101,0.5,1.3239625413802445,0.25,0.5,0.88,49.12,-50.0,50.0,100
I:SPX,INX,2025-09-02T20:00:00+00:00,0,6415.54,6415.54,6415.54,5.665344445700101,0.5,1.3239625413802445,0.25,0.5,0.88,49.12,-50.0,50.0,100
I:SPX,INX,2025-09-03T20:00:00+00:00,0,6448.28,6448.28,6448.28,5.665344445700101,0.5,1.3239625413802445,0.25,0.5,0.88,49.12,-50.0,50.0,100
I:SPX,INX,2025-09-04T20:00:00+00:00,0,6502.08,6502.08,6502.08,5.665344445700101,0.5,1.3239625413802445,0.25,0.5,0.88,49.12,-50.0,50.0,100
I:SPX,INX,2025-09-05T20:00:00+00:00,0,6481.52,6481.52,6481.52,5.665344445700101,0.5,1.3239625413802445,0.25,0.5,0.88,49.12,-50.0,50.0,100
I:SPX,INX,2025-09-08T20:00:00+00:00,0,6495.2,6495.2,6495.2,5.665344445700101,0.5,1.3239625413802445,0.25,0.5,0.88,49.12,-50.0,50.0,100
I:SPX,INX,2025-09-09T20:00:00+00:00,0,6512.66,6512.66,6512.66,5.665344445700101,0.5,1.3239625413802445,0.25,0.5,0.88,49.12,-50.0,50.0,100
I:SPX,INX,2025-09-10T20:00:00+00:00,0,6532.05,6532.05,6532.05,5.665344445700101,0.5,1.3239625413802445,0.25,0.5,0.88,49.12,-50.0,50.0,100
I:SPX,INX,2025-09-11T20:00:00+00:00,0,6587.45,6587.45,6587.45,5.665344445700101,0.5,1.3239625413802445,0.25,0.5,0.88,49.12,-50.0,50.0,100
I:SPX,INX,2025-09-12T20:00:00+00:00,0,6584.29,6584.29,6584.29,5.665344445700101,0.5,1.3239625413802445,0.25,0.5,0.88,49.12,-50.0,50.0,100
I:SPX,INX,2025-09-15T20:00:00+00:00,0,6615.31,6615.31,6615.31,5.665344445700101,0.5,1.3239625413802445,0.25,0.5,0.88,49.12,-50.0,50.0,100
I:SPX,INX,2025-09-16T20:00:00+00:00,0,6606.79,6606.79,6606.79,5.665344445700101,0.5,1.3239625413802445,0.25,0.5,0.88,49.12,-50.0,50.0,100
I:SPX,INX,2025-09-17T20:00:00+00:00,0,6600.42,6600.42,6600.42,5.665344445700101,0.5,1.3239625413802445,0.25,0.5,0.88,49.12,-50.0,50.0,100
I:SPX,INX,2025-09-18T20:00:00+00:00,0,6631.9400000000005,6631.9400000000005,6631.9400000000005,5.665344445700101,0.5,1.3239625413802445,0.25,0.5,0.88,49.12,-50.0,50.0,100
I:SPX,INX,2025-09-19T20:00:00+00:00,0,6664.41,6664.41,6664.41,5.665344445700101,0.5,1.3239625413802445,0.25,0.5,0.88,49.12,-50.0,50.0,100
I:SPX,INX,2025-09-22T20:00:00+00:00,0,6693.77,6693.77,6693.77,5.665344445700101,0.5,1.3239625413802445,0.25,0.5,0.88,49.12,-50.0,50.0,100
I:SPX,INX,2025-09-23T20:00:00+00:00,0,6656.96,6656.96,6656.96,5.665344445700101,0.5,1.3239625413802445,0.25,0.5,0.88,49.12,-50.0,50.0,100
I:SPX,INX,2025-09-24T20:00:00+00:00,0,6637.97,6637.97,6637.97,5.665344445700101,0.5,1.3239625413802445,0.25,0.5,0.88,49.12,-50.0,50.0,100
I:SPX,INX,2025-09-25T20:00:00+00:00,0,6604.8,6604.8,6604.8,5.665344445700101,0.5,1.3239625413802445,0.25,0.5,0.88,49.12,-50.0,50.0,100
I:SPX,INX,2025-09-26T20:00:00+00:00,0,6643.7,6643.7,6643.7,5.665344445700101,0.5,1.3239625413802445,0.25,0.5,0.88,49.12,-50.0,50.0,100
I:SPX,INX,2025-09-29T20:00:00+00:00,0,6661.21,6661.21,6661.21,5.665344445700101,0.5,1.3239625413802445,0.25,0.5,0.88,49.12,-50.0,50.0,100
I:SPX,INX,2025-09-30T20:00:00+00:00,0,6688.43,6688.43,6688.43,5.665344445700101,0.5,1.3239625413802445,0.25,0.5,0.88,49.12,-50.0,50.0,100
I:SPX,INX,2025-10-01T20:00:00+00:00,0,6711.2,6711.2,6711.2,5.665344445700101,0.5,1.3239625413802445,0.25,0.5,0.88,49.12,-50.0,50.0,100
I:SPX,INX,2025-10-02T20:00:00+00:00,0,6715.38,6715.38,6715.38,5.665344445700101,0.5,1.3239625413802445,0.25,0.5,0.88,49.12,-50.0,50.0,100
I:SPX,INX,2025-10-03T20:00:00+00:00,0,6715.79,6715.79,6715.79,5.665344445700101,0.5,1.3239625413802445,0.25,0.5,0.88,49.12,-50.0,50.0,100
I:SPX,INX,2025-10-06T20:00:00+00:00,0,6740.28,6740.28,6740.28,5.665344445700101,0.5,1.3239625413802445,0.25,0.5,0.88,49.12,-50.0,50.0,100
I:SPX,INX,2025-10-07T20:00:00+00:00,0,6714.59,6714.59,6714.59,5.665344445700101,0.5,1.3239625413802445,0.25,0.5,0.88,49.12,-50.0,50.0,100
I:SPX,INX,2025-10-08T20:00:00+00:00,0,6753.72,6753.72,6753.72,5.665344445700101,0.5,1.3239625413802445,0.25,0.5,0.88,49.12,-50.0,50.0,100
I:SPX,INX,2025-10-09T20:00:00+00:00,0,6735.110000000001,6735.110000000001,6735.110000000001,5.665344445700101,0.5,1.3239625413802445,0.25,0.5,0.88,49.12,-50.0,50.0,100
I:SPX,INX,2025-10-10T20:00:00+00:00,0,6552.5,6552.5,6552.5,5.665344445700101,0.5,1.3239625413802445,0.25,0.5,0.88,49.12,-50.0,50.0,100
I:SPX,INX,2025-10-13T20:00:00+00:00,0,6654.6900000000005,6654.6900000000005,6654.6900000000005,5.665344445700101,0.5,1.3239625413802445,0.25,0.5,0.88,49.12,-50.0,50.0,100
I:SPX,INX,2025-10-14T20:00:00+00:00,0,6644.31,6644.31,6644.31,5.665344445700101,0.5,1.3239625413802445,0.25,0.5,0.88,49.12,-50.0,50.0,100
I:SPX,INX,2025-10-15T20:00:00+00:00,0,6671.05,6671.05,6671.05,5.665344445700101,0.5,1.3239625413802445,0.25,0.5,0.88,49.12,-50.0,50.0,100
I:SPX,INX,2025-10-16T20:00:00+00:00,0,6629.08,6629.08,6629.08,5.665344445700101,0.5,1.3239625413802445,0.25,0.5,0.88,49.12,-50.0,50.0,100
I:SPX,INX,2025-10-17T20:00:00+00:00,0,6664.01,6664.01,6664.01,5.665344445700101,0.5,1.3239625413802445,0.25,0.5,0.88,49.12,-50.0,50.0,100
I:SPX,INX,2025-10-20T20:00:00+00:00,0,6735.13,6735.13,6735.13,5.665344445700101,0.5,1.3239625413802445,0.25,0.5,0.88,49.12,-50.0,50.0,100
I:SPX,INX,2025-10-21T20:00:00+00:00,0,6735.3,6735.3,6735.3,5.665344445700101,0.5,1.3239625413802445,0.25,0.5,0.88,49.12,-50.0,50.0,100
I:SPX,INX,2025-10-22T20:00:00+00:00,0,6699.4400000000005,6699.4400000000005,6699.4400000000005,5.665344445700101,0.5,1.3239625413802445,0.25,0.5,0.88,49.12,-50.0,50.0,100
I:SPX,INX,2025-10-23T20:00:00+00:00,0,6738.41,6738.41,6738.41,5.665344445700101,0.5,1.3239625413802445,0.25,0.5,0.88,49.12,-50.0,50.0,100
I:SPX,INX,2025-10-24T20:00:00+00:00,0,6791.75,6791.75,6791.75,5.665344445700101,0.5,1.3239625413802445,0.25,0.5,0.88,49.12,-50.0,50.0,100
I:SPX,INX,2025-10-27T20:00:00+00:00,0,6875.12,6875.12,6875.12,5.665344445700101,0.5,1.3239625413802445,0.25,0.5,0.88,49.12,-50.0,50.0,100
I:SPX,INX,2025-10-28T20:00:00+00:00,0,6890.91,6890.91,6890.91,5.665344445700101,0.5,1.3239625413802445,0.25,0.5,0.88,49.12,-50.0,50.0,100
I:SPX,INX,2025-10-29T20:00:00+00:00,0,6890.7300000000005,6890.7300000000005,6890.7300000000005,5.665344445700101,0.5,1.3239625413802445,0.25,0.5,0.88,49.12,-50.0,50.0,100
I:SPX,INX,2025-10-30T20:00:00+00:00,0,6822.32,6822.32,6822.32,5.665344445700101,0.5,1.3239625413802445,0.25,0.5,0.88,49.12,-50.0,50.0,100
I:SPX,INX,2025-10-31T20:00:00+00:00,0,6840.25,6840.25,6840.25,5.665344445700101,0.5,1.3239625413802445,0.25,0.5,0.88,49.12,-50.0,50.0,100
